<?xml version = '1.0' encoding = 'UTF-8'?>
<Relation class="oracle.dbtools.crest.model.design.logical.Relation" name="Relation_3" directorySegmentName="seg_0" id="1CE82130-BE79-1134-3956-5529CAE8F424">
<createdBy>Marcelo Bernabé</createdBy>
<createdTime>2025-08-31 22:23:27 UTC</createdTime>
<ownerDesignName>Entrega semana 3 BDD</ownerDesignName>
<engineerTo>
<item key="029CDA0C-CD8B-9839-AB16-E460DA2C8600" value="true"/>
</engineerTo>
<sourcePk>F0BA43C0-96A6-E92D-A605-623C1EE89039</sourcePk>
<targetPk>3B56CAB4-AC02-76A7-AC5A-F8F8936CE4EF</targetPk>
<identifying>false</identifying>
<optionalSource>false</optionalSource>
<optionalTarget>false</optionalTarget>
<sourceCardinality>1</sourceCardinality>
<sourceEntity>FB3D9A14-AB59-7B11-7F4F-ECB64FBC7460</sourceEntity>
<targetCardinalityString>1</targetCardinalityString>
<targetEntity>A324871B-82BE-9A66-73DC-EBFD18E835B9</targetEntity>
<transferable>true</transferable>
<deleteRule>NO ACTION</deleteRule>
</Relation>