<?xml version = '1.0' encoding = 'UTF-8'?>
<Relation class="oracle.dbtools.crest.model.design.logical.Relation" name="Relation_1" directorySegmentName="seg_0" id="383B4310-23D6-21D1-DCDF-F5FD1307298C">
<createdBy>Marcelo Bernabé</createdBy>
<createdTime>2025-08-31 22:21:30 UTC</createdTime>
<ownerDesignName>Entrega semana 3 BDD</ownerDesignName>
<engineerTo>
<item key="029CDA0C-CD8B-9839-AB16-E460DA2C8600" value="true"/>
</engineerTo>
<sourcePk>F748B042-A19D-FE2D-9569-5E6E944CF88B</sourcePk>
<identifying>false</identifying>
<optionalSource>false</optionalSource>
<optionalTarget>false</optionalTarget>
<sourceCardinality>1</sourceCardinality>
<sourceEntity>51AB4E8A-AEF3-E16D-A9AF-38F251ECF362</sourceEntity>
<targetCardinalityString>*</targetCardinalityString>
<targetEntity>FB3D9A14-AB59-7B11-7F4F-ECB64FBC7460</targetEntity>
<transferable>true</transferable>
<deleteRule>NO ACTION</deleteRule>
</Relation>