<?xml version = '1.0' encoding = 'UTF-8'?>
<Relation class="oracle.dbtools.crest.model.design.logical.Relation" name="Relation_4" directorySegmentName="seg_0" id="3D020B0B-2CE2-4FD0-F055-82CFADD9BF01">
<createdBy>Marcelo Bernabé</createdBy>
<createdTime>2025-08-31 22:23:59 UTC</createdTime>
<ownerDesignName>Entrega semana 3 BDD</ownerDesignName>
<engineerTo>
<item key="029CDA0C-CD8B-9839-AB16-E460DA2C8600" value="true"/>
</engineerTo>
<sourcePk>3B56CAB4-AC02-76A7-AC5A-F8F8936CE4EF</sourcePk>
<identifying>false</identifying>
<optionalSource>false</optionalSource>
<optionalTarget>false</optionalTarget>
<sourceCardinality>1</sourceCardinality>
<sourceEntity>73158F8D-10BA-E059-F66B-0F1DD73631A2</sourceEntity>
<targetCardinalityString>*</targetCardinalityString>
<targetEntity>51AB4E8A-AEF3-E16D-A9AF-38F251ECF362</targetEntity>
<transferable>true</transferable>
<deleteRule>NO ACTION</deleteRule>
</Relation>