<?xml version = '1.0' encoding = 'UTF-8'?>
<Relation class="oracle.dbtools.crest.model.design.logical.Relation" name="Relation_7" directorySegmentName="seg_0" id="49A596FA-53BD-D9F4-E2C1-49A584855614">
<createdBy>Marcelo Bernabé</createdBy>
<createdTime>2025-08-31 22:26:26 UTC</createdTime>
<ownerDesignName>Entrega semana 3 BDD</ownerDesignName>
<engineerTo>
<item key="029CDA0C-CD8B-9839-AB16-E460DA2C8600" value="true"/>
</engineerTo>
<sourcePk>5461B6FC-F36D-43EF-F649-B55302376964</sourcePk>
<identifying>false</identifying>
<optionalSource>false</optionalSource>
<optionalTarget>false</optionalTarget>
<sourceCardinality>1</sourceCardinality>
<sourceEntity>9A5D1BF3-0204-5CBA-85B9-3FCA224FAE18</sourceEntity>
<targetCardinalityString>*</targetCardinalityString>
<targetEntity>B059B30E-76CB-CA0D-1445-F938A41D3D3A</targetEntity>
<transferable>true</transferable>
<deleteRule>NO ACTION</deleteRule>
</Relation>