<?xml version = '1.0' encoding = 'UTF-8'?>
<Relation class="oracle.dbtools.crest.model.design.logical.Relation" name="Relation_5" directorySegmentName="seg_0" id="C9CD9C10-3702-5C3D-00DE-AC937CDE4BE2">
<createdBy>Marcelo Bernabé</createdBy>
<createdTime>2025-08-31 22:25:55 UTC</createdTime>
<ownerDesignName>Entrega semana 3 BDD</ownerDesignName>
<engineerTo>
<item key="029CDA0C-CD8B-9839-AB16-E460DA2C8600" value="true"/>
</engineerTo>
<sourcePk>5461B6FC-F36D-43EF-F649-B55302376964</sourcePk>
<identifying>false</identifying>
<optionalSource>false</optionalSource>
<optionalTarget>false</optionalTarget>
<sourceCardinality>1</sourceCardinality>
<sourceEntity>9A5D1BF3-0204-5CBA-85B9-3FCA224FAE18</sourceEntity>
<targetCardinalityString>*</targetCardinalityString>
<targetEntity>E21D38DB-4767-FE55-12C5-5E1FA927310A</targetEntity>
<transferable>true</transferable>
<deleteRule>NO ACTION</deleteRule>
</Relation>