<?xml version = '1.0' encoding = 'UTF-8'?>
<Relation class="oracle.dbtools.crest.model.design.logical.Relation" name="Relation_8" directorySegmentName="seg_0" id="CCBA6AD9-96F8-CF2E-2671-705477F9DF76">
<createdBy>Marcelo Bernabé</createdBy>
<createdTime>2025-08-31 22:26:47 UTC</createdTime>
<ownerDesignName>Entrega semana 3 BDD</ownerDesignName>
<engineerTo>
<item key="029CDA0C-CD8B-9839-AB16-E460DA2C8600" value="true"/>
</engineerTo>
<targetPk>3B56CAB4-AC02-76A7-AC5A-F8F8936CE4EF</targetPk>
<identifying>false</identifying>
<optionalSource>true</optionalSource>
<optionalTarget>true</optionalTarget>
<sourceCardinality>1</sourceCardinality>
<sourceEntity>6F301C4A-EB8A-D32B-CCD1-656F5A97BA52</sourceEntity>
<targetCardinalityString>*</targetCardinalityString>
<targetEntity>6F301C4A-EB8A-D32B-CCD1-656F5A97BA52</targetEntity>
<transferable>true</transferable>
<deleteRule>NO ACTION</deleteRule>
</Relation>