<?xml version = '1.0' encoding = 'UTF-8'?>
<Relation class="oracle.dbtools.crest.model.design.logical.Relation" name="Relation_6" directorySegmentName="seg_0" id="EECFB0C9-79E2-D9E9-2C4C-EB403AA62E38">
<createdBy>Marcelo Bernabé</createdBy>
<createdTime>2025-08-31 22:26:12 UTC</createdTime>
<ownerDesignName>Entrega semana 3 BDD</ownerDesignName>
<engineerTo>
<item key="029CDA0C-CD8B-9839-AB16-E460DA2C8600" value="true"/>
</engineerTo>
<sourcePk>21CDE1DA-8D0B-870C-A02C-EFEBF70BE6D7</sourcePk>
<identifying>false</identifying>
<optionalSource>true</optionalSource>
<optionalTarget>false</optionalTarget>
<sourceCardinality>1</sourceCardinality>
<sourceEntity>E21D38DB-4767-FE55-12C5-5E1FA927310A</sourceEntity>
<targetCardinalityString>1</targetCardinalityString>
<targetEntity>A324871B-82BE-9A66-73DC-EBFD18E835B9</targetEntity>
<transferable>true</transferable>
<deleteRule>NO ACTION</deleteRule>
</Relation>