<?xml version = '1.0' encoding = 'UTF-8'?>
<Entity class="oracle.dbtools.crest.model.design.logical.Entity" directorySegmentName="seg_0" id="21FB31D3-F668-7A9E-A4D9-52EF1FBEDB81" name="Empleado">
<createdBy>Marcelo Bernabé</createdBy>
<createdTime>2025-08-22 20:22:56 UTC</createdTime>
<ownerDesignName>Entrega semana 2 BDD</ownerDesignName>
<engineerTo>
<item key="4E028BB9-3AC0-F139-69A3-A0C4B128515F" value="true"/>
</engineerTo>
<adequatelyNormalized>NO</adequatelyNormalized>
<expectedVolumes>0</expectedVolumes>
<fwdEngineeringStrategyName>Single Table</fwdEngineeringStrategyName>
<growthPercent>0</growthPercent>
<growthType>Year</growthType>
<maxVolumes>9999999</maxVolumes>
<minVolumes>0</minVolumes>
<normalForm>Third</normalForm>
<attributes itemClass="oracle.dbtools.crest.model.design.logical.Attribute">
<Attribute name="RUT_empleado" id="8353D922-CE5C-0B94-4557-390600025168">
<createdBy>Marcelo Bernabé</createdBy>
<createdTime>2025-08-22 20:24:16 UTC</createdTime>
<ownerDesignName>Entrega semana 2 BDD</ownerDesignName>
<engineerTo>
<item key="4E028BB9-3AC0-F139-69A3-A0C4B128515F" value="true"/>
</engineerTo>
<useDomainConstraints>false</useDomainConstraints>
<use>1</use>
<logicalDatatype>LOGDT024</logicalDatatype>
<dataTypeSize>12</dataTypeSize>
<ownDataTypeParameters>12,,</ownDataTypeParameters>
</Attribute>
<Attribute name="nombre_completo" id="AF5C9E92-8B59-D360-3DF8-5B2F182F2AEF">
<createdBy>Marcelo Bernabé</createdBy>
<createdTime>2025-08-22 20:24:52 UTC</createdTime>
<ownerDesignName>Entrega semana 2 BDD</ownerDesignName>
<engineerTo>
<item key="4E028BB9-3AC0-F139-69A3-A0C4B128515F" value="true"/>
</engineerTo>
<useDomainConstraints>false</useDomainConstraints>
<use>1</use>
<logicalDatatype>LOGDT024</logicalDatatype>
<dataTypeSize>100</dataTypeSize>
<ownDataTypeParameters>100,,</ownDataTypeParameters>
</Attribute>
<Attribute name="direccion" id="D67053E6-1DCD-ACC6-1A50-B21EDEDE2D09">
<createdBy>Marcelo Bernabé</createdBy>
<createdTime>2025-08-22 20:25:11 UTC</createdTime>
<ownerDesignName>Entrega semana 2 BDD</ownerDesignName>
<engineerTo>
<item key="4E028BB9-3AC0-F139-69A3-A0C4B128515F" value="true"/>
</engineerTo>
<useDomainConstraints>false</useDomainConstraints>
<use>1</use>
<logicalDatatype>LOGDT024</logicalDatatype>
<dataTypeSize>120</dataTypeSize>
<ownDataTypeParameters>120,,</ownDataTypeParameters>
</Attribute>
<Attribute name="sueldo_base" id="DBBC5366-6CD1-3A6A-2F76-ED5777753667">
<createdBy>Marcelo Bernabé</createdBy>
<createdTime>2025-08-22 20:25:28 UTC</createdTime>
<ownerDesignName>Entrega semana 2 BDD</ownerDesignName>
<engineerTo>
<item key="4E028BB9-3AC0-F139-69A3-A0C4B128515F" value="true"/>
</engineerTo>
<useDomainConstraints>false</useDomainConstraints>
<use>1</use>
<logicalDatatype>LOGDT019</logicalDatatype>
<dataTypePrecision>10</dataTypePrecision>
<dataTypeScale>2</dataTypeScale>
<ownDataTypeParameters>,10,2</ownDataTypeParameters>
</Attribute>
<Attribute name="fecha_ingreso" id="CF5780FD-3DAF-AA89-0AE8-F8CA82FCBE33">
<createdBy>Marcelo Bernabé</createdBy>
<createdTime>2025-08-22 20:26:06 UTC</createdTime>
<ownerDesignName>Entrega semana 2 BDD</ownerDesignName>
<engineerTo>
<item key="4E028BB9-3AC0-F139-69A3-A0C4B128515F" value="true"/>
</engineerTo>
<useDomainConstraints>false</useDomainConstraints>
<use>1</use>
<logicalDatatype>LOGDT007</logicalDatatype>
<ownDataTypeParameters>,,</ownDataTypeParameters>
</Attribute>
<Attribute name="genero" id="B1032799-1B5E-B4D2-AF0C-B2358F4E77C6">
<createdBy>Marcelo Bernabé</createdBy>
<createdTime>2025-08-22 20:26:18 UTC</createdTime>
<ownerDesignName>Entrega semana 2 BDD</ownerDesignName>
<engineerTo>
<item key="4E028BB9-3AC0-F139-69A3-A0C4B128515F" value="true"/>
</engineerTo>
<useDomainConstraints>false</useDomainConstraints>
<use>1</use>
<logicalDatatype>LOGDT024</logicalDatatype>
<dataTypeSize>1</dataTypeSize>
<ownDataTypeParameters>1,,</ownDataTypeParameters>
</Attribute>
<Attribute name="telefono_movil" id="B62EF634-0AF4-D18B-9D92-ACE3264A38BB">
<createdBy>Marcelo Bernabé</createdBy>
<createdTime>2025-08-22 20:26:38 UTC</createdTime>
<ownerDesignName>Entrega semana 2 BDD</ownerDesignName>
<engineerTo>
<item key="4E028BB9-3AC0-F139-69A3-A0C4B128515F" value="true"/>
</engineerTo>
<useDomainConstraints>false</useDomainConstraints>
<use>1</use>
<logicalDatatype>LOGDT024</logicalDatatype>
<dataTypeSize>15</dataTypeSize>
<ownDataTypeParameters>15,,</ownDataTypeParameters>
</Attribute>
<Attribute name="telefono_contacto" id="CF2C6382-484B-3904-D059-10FD6F673091">
<createdBy>Marcelo Bernabé</createdBy>
<createdTime>2025-08-22 20:27:00 UTC</createdTime>
<ownerDesignName>Entrega semana 2 BDD</ownerDesignName>
<engineerTo>
<item key="4E028BB9-3AC0-F139-69A3-A0C4B128515F" value="true"/>
</engineerTo>
<nullsAllowed>true</nullsAllowed>
<useDomainConstraints>false</useDomainConstraints>
<use>1</use>
<logicalDatatype>LOGDT024</logicalDatatype>
<dataTypeSize>15</dataTypeSize>
<ownDataTypeParameters>15,,</ownDataTypeParameters>
</Attribute>
<Attribute name="tipo_empleado" id="234EACD7-D2F8-56BB-E5F3-DE63889C71BE">
<createdBy>Marcelo Bernabé</createdBy>
<createdTime>2025-08-22 20:27:27 UTC</createdTime>
<ownerDesignName>Entrega semana 2 BDD</ownerDesignName>
<engineerTo>
<item key="4E028BB9-3AC0-F139-69A3-A0C4B128515F" value="true"/>
</engineerTo>
<useDomainConstraints>false</useDomainConstraints>
<use>1</use>
<logicalDatatype>LOGDT024</logicalDatatype>
<dataTypeSize>15</dataTypeSize>
<ownDataTypeParameters>15,,</ownDataTypeParameters>
</Attribute>
</attributes>
<identifiers itemClass="oracle.dbtools.crest.model.design.logical.CandidateKey">
<identifier id="D483388D-B994-24C4-69FC-B5D09B61F85C" name="Empleado PK">
<createdBy>Marcelo Bernabé</createdBy>
<createdTime>2025-08-22 20:24:50 UTC</createdTime>
<ownerDesignName>Entrega semana 2 BDD</ownerDesignName>
<shouldEngineer>false</shouldEngineer>
<engineerTo>
<item key="4E028BB9-3AC0-F139-69A3-A0C4B128515F" value="false"/>
</engineerTo>
<pk>true</pk>
<usedAttributes>
<attributeRef>8353D922-CE5C-0B94-4557-390600025168</attributeRef>
</usedAttributes>
</identifier>
</identifiers>
</Entity>