<?xml version = '1.0' encoding = 'UTF-8'?>
<Entity class="oracle.dbtools.crest.model.design.logical.Entity" directorySegmentName="seg_0" id="7BB7AE9B-AC67-ADA1-DD21-F16AFD8C8EB4" name="Avión">
<createdBy>Marcelo Bernabé</createdBy>
<createdTime>2025-08-22 20:19:40 UTC</createdTime>
<ownerDesignName>Entrega semana 2 BDD</ownerDesignName>
<engineerTo>
<item key="4E028BB9-3AC0-F139-69A3-A0C4B128515F" value="true"/>
</engineerTo>
<adequatelyNormalized>NO</adequatelyNormalized>
<expectedVolumes>0</expectedVolumes>
<fwdEngineeringStrategyName>Single Table</fwdEngineeringStrategyName>
<growthPercent>0</growthPercent>
<growthType>Year</growthType>
<maxVolumes>9999999</maxVolumes>
<minVolumes>0</minVolumes>
<normalForm>Third</normalForm>
<attributes itemClass="oracle.dbtools.crest.model.design.logical.Attribute">
<Attribute name="matricula" id="94D12772-DD7C-2FC9-A528-19F8E853AFB6">
<createdBy>Marcelo Bernabé</createdBy>
<createdTime>2025-08-22 20:19:50 UTC</createdTime>
<ownerDesignName>Entrega semana 2 BDD</ownerDesignName>
<engineerTo>
<item key="4E028BB9-3AC0-F139-69A3-A0C4B128515F" value="true"/>
</engineerTo>
<useDomainConstraints>false</useDomainConstraints>
<use>1</use>
<logicalDatatype>LOGDT024</logicalDatatype>
<dataTypeSize>10</dataTypeSize>
<ownDataTypeParameters>10,,</ownDataTypeParameters>
</Attribute>
<Attribute name="marca" id="031C4DD5-13BB-6F6F-EE96-A652099062E9">
<createdBy>Marcelo Bernabé</createdBy>
<createdTime>2025-08-22 20:20:31 UTC</createdTime>
<ownerDesignName>Entrega semana 2 BDD</ownerDesignName>
<engineerTo>
<item key="4E028BB9-3AC0-F139-69A3-A0C4B128515F" value="true"/>
</engineerTo>
<useDomainConstraints>false</useDomainConstraints>
<use>1</use>
<logicalDatatype>LOGDT024</logicalDatatype>
<dataTypeSize>30</dataTypeSize>
<ownDataTypeParameters>30,,</ownDataTypeParameters>
</Attribute>
<Attribute name="modelo" id="91DF69FB-822A-8DC8-04B5-05BB335B7D27">
<createdBy>Marcelo Bernabé</createdBy>
<createdTime>2025-08-22 20:20:44 UTC</createdTime>
<ownerDesignName>Entrega semana 2 BDD</ownerDesignName>
<engineerTo>
<item key="4E028BB9-3AC0-F139-69A3-A0C4B128515F" value="true"/>
</engineerTo>
<useDomainConstraints>false</useDomainConstraints>
<use>1</use>
<logicalDatatype>LOGDT024</logicalDatatype>
<dataTypeSize>30</dataTypeSize>
<ownDataTypeParameters>30,,</ownDataTypeParameters>
</Attribute>
<Attribute name="capacidad " id="E73B5840-C969-1D04-AA1A-28F0B283EE84">
<createdBy>Marcelo Bernabé</createdBy>
<createdTime>2025-08-22 20:20:59 UTC</createdTime>
<ownerDesignName>Entrega semana 2 BDD</ownerDesignName>
<engineerTo>
<item key="4E028BB9-3AC0-F139-69A3-A0C4B128515F" value="true"/>
</engineerTo>
<useDomainConstraints>false</useDomainConstraints>
<use>1</use>
<logicalDatatype>LOGDT011</logicalDatatype>
<ownDataTypeParameters>,,</ownDataTypeParameters>
</Attribute>
</attributes>
<identifiers itemClass="oracle.dbtools.crest.model.design.logical.CandidateKey">
<identifier id="3D18EAD9-5BB1-3908-308E-A44740B25A44" name="Avión PK">
<createdBy>Marcelo Bernabé</createdBy>
<createdTime>2025-08-22 20:20:29 UTC</createdTime>
<ownerDesignName>Entrega semana 2 BDD</ownerDesignName>
<shouldEngineer>false</shouldEngineer>
<engineerTo>
<item key="4E028BB9-3AC0-F139-69A3-A0C4B128515F" value="false"/>
</engineerTo>
<pk>true</pk>
<usedAttributes>
<attributeRef>94D12772-DD7C-2FC9-A528-19F8E853AFB6</attributeRef>
</usedAttributes>
</identifier>
</identifiers>
</Entity>