<?xml version = '1.0' encoding = 'UTF-8'?>
<Relation class="oracle.dbtools.crest.model.design.logical.Relation" name="fk_medico_afp" directorySegmentName="seg_0" id="46E9F997-9811-01F0-8938-F78E2FFDB5A9">
<createdBy>Marcelo Bernabé</createdBy>
<createdTime>2025-09-12 18:08:16 UTC</createdTime>
<generatorID>4ABC94FC-FACF-D4B2-5298-31150D50F682</generatorID>
<ownerDesignName>Entrega semana 5</ownerDesignName>
<engineerTo>
<item key="3D0AC1D9-8A05-1087-A664-9A957F2F940B" value="true"/>
</engineerTo>
<sourcePk>18228F43-BA6B-A133-9882-D3CD5466EED5</sourcePk>
<identifying>false</identifying>
<optionalSource>true</optionalSource>
<optionalTarget>false</optionalTarget>
<sourceCardinality>1</sourceCardinality>
<sourceEntity>3C9D8D95-D526-CD76-58E5-29AB10F7FD49</sourceEntity>
<targetCardinalityString>*</targetCardinalityString>
<targetEntity>D7F9FC57-7340-D9AD-5962-7F634D79ADAA</targetEntity>
<transferable>true</transferable>
<deleteRule>NO ACTION</deleteRule>
</Relation>