<?xml version = '1.0' encoding = 'UTF-8'?>
<Relation class="oracle.dbtools.crest.model.design.logical.Relation" name="fk_atencion_medico" directorySegmentName="seg_0" id="69CB6E9C-4569-ED18-C2B1-724F12D451F8">
<createdBy>Marcelo Bernabé</createdBy>
<createdTime>2025-09-12 18:08:16 UTC</createdTime>
<generatorID>615835D6-291D-3C14-40D8-F3C7BCFC5E1F</generatorID>
<ownerDesignName>Entrega semana 5</ownerDesignName>
<engineerTo>
<item key="3D0AC1D9-8A05-1087-A664-9A957F2F940B" value="true"/>
</engineerTo>
<sourcePk>A0750E1D-425E-4784-B02F-01D0DFA654DA</sourcePk>
<identifying>false</identifying>
<optionalSource>true</optionalSource>
<optionalTarget>false</optionalTarget>
<sourceCardinality>1</sourceCardinality>
<sourceEntity>D7F9FC57-7340-D9AD-5962-7F634D79ADAA</sourceEntity>
<targetCardinalityString>*</targetCardinalityString>
<targetEntity>22F87B69-9924-951F-062D-7C86AF810149</targetEntity>
<transferable>true</transferable>
<deleteRule>NO ACTION</deleteRule>
</Relation>