<?xml version = '1.0' encoding = 'UTF-8'?>
<Relation class="oracle.dbtools.crest.model.design.logical.Relation" name="fk_comuna_region" directorySegmentName="seg_0" id="6C1E24B3-2D49-609C-456E-0AC4F3619BAC">
<createdBy>Marcelo Bernabé</createdBy>
<createdTime>2025-09-12 18:08:16 UTC</createdTime>
<generatorID>7E10BA51-8589-6011-0BEB-92E72AA6AE71</generatorID>
<ownerDesignName>Entrega semana 5</ownerDesignName>
<engineerTo>
<item key="3D0AC1D9-8A05-1087-A664-9A957F2F940B" value="true"/>
</engineerTo>
<sourcePk>E252B3FE-15BC-7B90-FA66-A06B765A6694</sourcePk>
<identifying>false</identifying>
<optionalSource>true</optionalSource>
<optionalTarget>false</optionalTarget>
<sourceCardinality>1</sourceCardinality>
<sourceEntity>4DAF941F-498E-DB1F-5F9C-3B8D6579BBEF</sourceEntity>
<targetCardinalityString>*</targetCardinalityString>
<targetEntity>EE2D4551-6006-98BA-14C6-28F7F6E53CCB</targetEntity>
<transferable>true</transferable>
<deleteRule>NO ACTION</deleteRule>
</Relation>