<?xml version = '1.0' encoding = 'UTF-8'?>
<Relation class="oracle.dbtools.crest.model.design.logical.Relation" name="fk_paciente_comuna" directorySegmentName="seg_0" id="75BEABA5-BC83-2424-9A10-E1F2AD1F7EBA">
<createdBy>Marcelo Bernabé</createdBy>
<createdTime>2025-09-12 18:08:16 UTC</createdTime>
<generatorID>08480A4D-58E1-FA48-E4E7-B313735DEDCE</generatorID>
<ownerDesignName>Entrega semana 5</ownerDesignName>
<engineerTo>
<item key="3D0AC1D9-8A05-1087-A664-9A957F2F940B" value="true"/>
</engineerTo>
<sourcePk>7489D673-CB68-743E-86B5-17956ACF91A9</sourcePk>
<identifying>false</identifying>
<optionalSource>true</optionalSource>
<optionalTarget>false</optionalTarget>
<sourceCardinality>1</sourceCardinality>
<sourceEntity>EE2D4551-6006-98BA-14C6-28F7F6E53CCB</sourceEntity>
<targetCardinalityString>*</targetCardinalityString>
<targetEntity>DBB457BC-0243-4657-75F6-05F5B616FB7A</targetEntity>
<transferable>true</transferable>
<deleteRule>NO ACTION</deleteRule>
</Relation>