<?xml version = '1.0' encoding = 'UTF-8'?>
<Relation class="oracle.dbtools.crest.model.design.logical.Relation" name="fk_medico_especialidad" directorySegmentName="seg_0" id="7849FB48-BB81-A3AE-2EF7-5875D9165EDF">
<createdBy>Marcelo Bernabé</createdBy>
<createdTime>2025-09-12 18:08:16 UTC</createdTime>
<generatorID>FB594AE6-A177-F684-3FD5-9588AC39ECA2</generatorID>
<ownerDesignName>Entrega semana 5</ownerDesignName>
<engineerTo>
<item key="3D0AC1D9-8A05-1087-A664-9A957F2F940B" value="true"/>
</engineerTo>
<sourcePk>8BE8C07B-C673-6BDF-29C8-904F73A4DA8C</sourcePk>
<identifying>false</identifying>
<optionalSource>true</optionalSource>
<optionalTarget>false</optionalTarget>
<sourceCardinality>1</sourceCardinality>
<sourceEntity>44F7910E-B6A2-8469-0121-F849BA06B98C</sourceEntity>
<targetCardinalityString>*</targetCardinalityString>
<targetEntity>D7F9FC57-7340-D9AD-5962-7F634D79ADAA</targetEntity>
<transferable>true</transferable>
<deleteRule>NO ACTION</deleteRule>
</Relation>