<?xml version = '1.0' encoding = 'UTF-8'?>
<Relation class="oracle.dbtools.crest.model.design.logical.Relation" name="fk_pago_atencion" directorySegmentName="seg_0" id="7D11D880-9E9F-651E-E53C-4F750D5C067D">
<createdBy>Marcelo Bernabé</createdBy>
<createdTime>2025-09-12 18:08:16 UTC</createdTime>
<generatorID>89336B23-8891-3B1C-C6C2-B91E0A431421</generatorID>
<ownerDesignName>Entrega semana 5</ownerDesignName>
<engineerTo>
<item key="3D0AC1D9-8A05-1087-A664-9A957F2F940B" value="true"/>
</engineerTo>
<sourcePk>82EF6F8C-771C-B6FD-15E1-3D13DA1DFC48</sourcePk>
<dominantRole>22F87B69-9924-951F-062D-7C86AF810149</dominantRole>
<identifying>false</identifying>
<optionalSource>true</optionalSource>
<optionalTarget>false</optionalTarget>
<sourceCardinality>1</sourceCardinality>
<sourceEntity>22F87B69-9924-951F-062D-7C86AF810149</sourceEntity>
<targetCardinalityString>1</targetCardinalityString>
<targetEntity>A2F6B851-3789-39E0-24C5-933FE891EF7F</targetEntity>
<transferable>true</transferable>
<deleteRule>NO ACTION</deleteRule>
</Relation>