<?xml version = '1.0' encoding = 'UTF-8'?>
<Relation class="oracle.dbtools.crest.model.design.logical.Relation" name="fk_medico_supervisor" directorySegmentName="seg_0" id="8C6E10BC-0BEA-49AD-D78B-EA0233A154FD">
<createdBy>Marcelo Bernabé</createdBy>
<createdTime>2025-09-12 18:08:16 UTC</createdTime>
<generatorID>17A65B46-038D-2563-3407-6A1D8749D942</generatorID>
<ownerDesignName>Entrega semana 5</ownerDesignName>
<engineerTo>
<item key="3D0AC1D9-8A05-1087-A664-9A957F2F940B" value="true"/>
</engineerTo>
<targetPk>A0750E1D-425E-4784-B02F-01D0DFA654DA</targetPk>
<identifying>false</identifying>
<optionalSource>true</optionalSource>
<optionalTarget>true</optionalTarget>
<sourceCardinality>1</sourceCardinality>
<sourceEntity>D7F9FC57-7340-D9AD-5962-7F634D79ADAA</sourceEntity>
<targetCardinalityString>*</targetCardinalityString>
<targetEntity>D7F9FC57-7340-D9AD-5962-7F634D79ADAA</targetEntity>
<transferable>true</transferable>
<deleteRule>NO ACTION</deleteRule>
</Relation>