<?xml version = '1.0' encoding = 'UTF-8'?>
<Relation class="oracle.dbtools.crest.model.design.logical.Relation" name="fk_resultado_solicitud" directorySegmentName="seg_0" id="B9BD835F-05AE-7238-ADA8-1B1B3847472A">
<createdBy>Marcelo Bernabé</createdBy>
<createdTime>2025-09-12 18:08:16 UTC</createdTime>
<generatorID>18CD4D05-B979-8D96-3989-3A26725FEC16</generatorID>
<ownerDesignName>Entrega semana 5</ownerDesignName>
<engineerTo>
<item key="3D0AC1D9-8A05-1087-A664-9A957F2F940B" value="true"/>
</engineerTo>
<sourcePk>5187954D-F71B-71F7-7366-8804B4110966</sourcePk>
<dominantRole>06D7C01E-22F2-A0FA-C2A4-53F0D6B3FCA4</dominantRole>
<identifying>false</identifying>
<optionalSource>true</optionalSource>
<optionalTarget>false</optionalTarget>
<sourceCardinality>1</sourceCardinality>
<sourceEntity>06D7C01E-22F2-A0FA-C2A4-53F0D6B3FCA4</sourceEntity>
<targetCardinalityString>1</targetCardinalityString>
<targetEntity>07A87E0C-67A3-470A-0C51-AD98298EBA99</targetEntity>
<transferable>true</transferable>
<deleteRule>NO ACTION</deleteRule>
</Relation>