<?xml version = '1.0' encoding = 'UTF-8'?>
<Relation class="oracle.dbtools.crest.model.design.logical.Relation" name="fk_atencion_paciente" directorySegmentName="seg_0" id="F3CF412F-53D9-6F2F-4736-56C01965D723">
<createdBy>Marcelo Bernabé</createdBy>
<createdTime>2025-09-12 18:08:16 UTC</createdTime>
<generatorID>4CAA1FB4-E565-FFF7-D4EE-DB0C8AE6D693</generatorID>
<ownerDesignName>Entrega semana 5</ownerDesignName>
<engineerTo>
<item key="3D0AC1D9-8A05-1087-A664-9A957F2F940B" value="true"/>
</engineerTo>
<sourcePk>9F92AC92-B768-78B2-3CC8-0A296008A827</sourcePk>
<identifying>false</identifying>
<optionalSource>true</optionalSource>
<optionalTarget>false</optionalTarget>
<sourceCardinality>1</sourceCardinality>
<sourceEntity>DBB457BC-0243-4657-75F6-05F5B616FB7A</sourceEntity>
<targetCardinalityString>*</targetCardinalityString>
<targetEntity>22F87B69-9924-951F-062D-7C86AF810149</targetEntity>
<transferable>true</transferable>
<deleteRule>NO ACTION</deleteRule>
</Relation>