<?xml version = '1.0' encoding = 'UTF-8'?>
<Relation class="oracle.dbtools.crest.model.design.logical.Relation" name="fk_solicitud_atencion" directorySegmentName="seg_0" id="FBB66A78-36FD-3135-0EF4-83494922DE2C">
<createdBy>Marcelo Bernabé</createdBy>
<createdTime>2025-09-12 18:08:16 UTC</createdTime>
<generatorID>1746C24F-14DA-9C9C-2469-F7E384F058D9</generatorID>
<ownerDesignName>Entrega semana 5</ownerDesignName>
<engineerTo>
<item key="3D0AC1D9-8A05-1087-A664-9A957F2F940B" value="true"/>
</engineerTo>
<sourcePk>82EF6F8C-771C-B6FD-15E1-3D13DA1DFC48</sourcePk>
<identifying>false</identifying>
<optionalSource>true</optionalSource>
<optionalTarget>false</optionalTarget>
<sourceCardinality>1</sourceCardinality>
<sourceEntity>22F87B69-9924-951F-062D-7C86AF810149</sourceEntity>
<targetCardinalityString>*</targetCardinalityString>
<targetEntity>06D7C01E-22F2-A0FA-C2A4-53F0D6B3FCA4</targetEntity>
<transferable>true</transferable>
<deleteRule>NO ACTION</deleteRule>
</Relation>