<?xml version = '1.0' encoding = 'UTF-8'?>
<Relation class="oracle.dbtools.crest.model.design.logical.Relation" name="fk_solicitud_examen" directorySegmentName="seg_0" id="FED8FF8F-6544-AB2F-0EAD-3C5A99D05ED0">
<createdBy>Marcelo Bernabé</createdBy>
<createdTime>2025-09-12 18:08:16 UTC</createdTime>
<generatorID>8E7259B0-33AA-FFC9-C6E3-0F9A10DB427B</generatorID>
<ownerDesignName>Entrega semana 5</ownerDesignName>
<engineerTo>
<item key="3D0AC1D9-8A05-1087-A664-9A957F2F940B" value="true"/>
</engineerTo>
<sourcePk>07633329-7C30-51A4-6607-F7A08B529E65</sourcePk>
<identifying>false</identifying>
<optionalSource>true</optionalSource>
<optionalTarget>false</optionalTarget>
<sourceCardinality>1</sourceCardinality>
<sourceEntity>1C05D318-6719-0001-C400-AEDF8C170466</sourceEntity>
<targetCardinalityString>*</targetCardinalityString>
<targetEntity>06D7C01E-22F2-A0FA-C2A4-53F0D6B3FCA4</targetEntity>
<transferable>true</transferable>
<deleteRule>NO ACTION</deleteRule>
</Relation>