<?xml version = '1.0' encoding = 'UTF-8'?>
<Relation class="oracle.dbtools.crest.model.design.logical.Relation" name="fk_medico_institucion" directorySegmentName="seg_0" id="FFC65764-5A70-2752-3283-27402A57284A">
<createdBy>Marcelo Bernabé</createdBy>
<createdTime>2025-09-12 18:08:16 UTC</createdTime>
<generatorID>E4693063-3456-C813-19C6-1AAE39981662</generatorID>
<ownerDesignName>Entrega semana 5</ownerDesignName>
<engineerTo>
<item key="3D0AC1D9-8A05-1087-A664-9A957F2F940B" value="true"/>
</engineerTo>
<sourcePk>038A1070-629A-57B6-6335-D2C6DE0EF5E3</sourcePk>
<identifying>false</identifying>
<optionalSource>true</optionalSource>
<optionalTarget>false</optionalTarget>
<sourceCardinality>1</sourceCardinality>
<sourceEntity>5116772D-D025-6496-7DAD-A0C06C4293D3</sourceEntity>
<targetCardinalityString>*</targetCardinalityString>
<targetEntity>D7F9FC57-7340-D9AD-5962-7F634D79ADAA</targetEntity>
<transferable>true</transferable>
<deleteRule>NO ACTION</deleteRule>
</Relation>