<?xml version = '1.0' encoding = 'UTF-8'?>
<FKIndexAssociation class="oracle.dbtools.crest.model.design.relational.FKIndexAssociation" directorySegmentName="seg_0" id="08480A4D-58E1-FA48-E4E7-B313735DEDCE" containerWithKeyObject="6C74DD57-1E10-81CF-167D-F2AB6EB3E43A" localFKIndex="032478F7-DF50-4B35-CD03-569B383B72C9" name="PACIENTE_COMUNA_FK">
<sourceDDLFile>BDD 2.sql</sourceDDLFile>
<createdBy>Marcelo Bernabé</createdBy>
<createdTime>2025-09-12 18:02:07 UTC</createdTime>
<ownerDesignName>Entrega semana 5</ownerDesignName>
<importedID>C9D7ED1D-3C6C-2F56-E993-0A64413738AB</importedID>
<referredTableLongName>COMUNA</referredTableLongName>
<deleteRule>NO ACTION</deleteRule>
<referredTableID>50C1DECE-4E94-F007-EBC0-719AD2B92D59</referredTableID>
<keyObject>33EF53AB-D35C-43E2-C67A-4EE7778CBECF</keyObject>
<referredKeyID>33EF53AB-D35C-43E2-C67A-4EE7778CBECF</referredKeyID>
<mandatory>true</mandatory>
<refColNames>id_comuna</refColNames>
<transferable>true</transferable>
<rely>false</rely>
<columnDependencyConstraintGenerateInDDL>true</columnDependencyConstraintGenerateInDDL>
</FKIndexAssociation>