<?xml version = '1.0' encoding = 'UTF-8'?>
<FKIndexAssociation class="oracle.dbtools.crest.model.design.relational.FKIndexAssociation" directorySegmentName="seg_0" id="1746C24F-14DA-9C9C-2469-F7E384F058D9" containerWithKeyObject="ACA35F6F-1AF1-EB51-8AC7-CC8C013FBE03" localFKIndex="2F3D3455-B05D-20FB-5B72-56552D0A208F" name="SOLICITUD_EXAMEN_ATENCION_MEDICA_FK">
<sourceDDLFile>BDD 2.sql</sourceDDLFile>
<createdBy>Marcelo Bernabé</createdBy>
<createdTime>2025-09-12 18:02:07 UTC</createdTime>
<ownerDesignName>Entrega semana 5</ownerDesignName>
<importedID>750C733E-7846-3405-C0F2-875214F13636</importedID>
<referredTableLongName>ATENCION_MEDICA</referredTableLongName>
<deleteRule>NO ACTION</deleteRule>
<referredTableID>0C267B65-0440-0AF5-1A7A-BEDE89AA8B71</referredTableID>
<keyObject>1E561025-B0AE-9FC2-C636-A9808572BAD3</keyObject>
<referredKeyID>1E561025-B0AE-9FC2-C636-A9808572BAD3</referredKeyID>
<mandatory>true</mandatory>
<refColNames>id_atencion</refColNames>
<transferable>true</transferable>
<rely>false</rely>
<columnDependencyConstraintGenerateInDDL>true</columnDependencyConstraintGenerateInDDL>
</FKIndexAssociation>