<?xml version = '1.0' encoding = 'UTF-8'?>
<FKIndexAssociation class="oracle.dbtools.crest.model.design.relational.FKIndexAssociation" directorySegmentName="seg_0" id="17A65B46-038D-2563-3407-6A1D8749D942" containerWithKeyObject="D056E58E-D0AB-5179-0159-C8BB22F2EE58" localFKIndex="57A27272-5779-813A-A011-5B5E513B2FCA" name="MEDICO_MEDICO_FK">
<sourceDDLFile>BDD 2.sql</sourceDDLFile>
<createdBy>Marcelo Bernabé</createdBy>
<createdTime>2025-09-12 18:02:07 UTC</createdTime>
<ownerDesignName>Entrega semana 5</ownerDesignName>
<importedID>5AB3F50A-1E38-D091-4817-8D87F4C033FC</importedID>
<referredTableLongName>MEDICO</referredTableLongName>
<deleteRule>NO ACTION</deleteRule>
<referredTableID>D056E58E-D0AB-5179-0159-C8BB22F2EE58</referredTableID>
<keyObject>97ECCE49-674F-A33B-3008-E3981080E630</keyObject>
<referredKeyID>97ECCE49-674F-A33B-3008-E3981080E630</referredKeyID>
<mandatory>false</mandatory>
<refColNames>rut_medico</refColNames>
<transferable>true</transferable>
<rely>false</rely>
<columnDependencyConstraintGenerateInDDL>true</columnDependencyConstraintGenerateInDDL>
</FKIndexAssociation>