<?xml version = '1.0' encoding = 'UTF-8'?>
<FKIndexAssociation class="oracle.dbtools.crest.model.design.relational.FKIndexAssociation" directorySegmentName="seg_0" id="18CD4D05-B979-8D96-3989-3A26725FEC16" containerWithKeyObject="DA995C69-539B-6921-B34B-6F4D77F5C067" localFKIndex="937F9213-9570-3364-03C3-632757113D97" name="RESULTADO_EXAMEN_SOLICITUD_EXAMEN_FK">
<sourceDDLFile>BDD 2.sql</sourceDDLFile>
<createdBy>Marcelo Bernabé</createdBy>
<createdTime>2025-09-12 18:02:07 UTC</createdTime>
<ownerDesignName>Entrega semana 5</ownerDesignName>
<importedID>245AF07C-7CD9-0AFE-7B55-33F02F2EBBAD</importedID>
<referredTableLongName>SOLICITUD_EXAMEN</referredTableLongName>
<deleteRule>NO ACTION</deleteRule>
<referredTableID>ACA35F6F-1AF1-EB51-8AC7-CC8C013FBE03</referredTableID>
<keyObject>8D7ABC59-0D5A-A695-E458-474AA4D48BBF</keyObject>
<referredKeyID>8D7ABC59-0D5A-A695-E458-474AA4D48BBF</referredKeyID>
<mandatory>true</mandatory>
<refColNames>id_solicitud</refColNames>
<transferable>true</transferable>
<rely>false</rely>
<columnDependencyConstraintGenerateInDDL>true</columnDependencyConstraintGenerateInDDL>
</FKIndexAssociation>