<?xml version = '1.0' encoding = 'UTF-8'?>
<FKIndexAssociation class="oracle.dbtools.crest.model.design.relational.FKIndexAssociation" directorySegmentName="seg_0" id="4ABC94FC-FACF-D4B2-5298-31150D50F682" containerWithKeyObject="D056E58E-D0AB-5179-0159-C8BB22F2EE58" localFKIndex="3F613E54-C1CC-C407-590F-057D5409BECF" name="MEDICO_AFP_FK">
<sourceDDLFile>BDD 2.sql</sourceDDLFile>
<createdBy>Marcelo Bernabé</createdBy>
<createdTime>2025-09-12 18:02:07 UTC</createdTime>
<ownerDesignName>Entrega semana 5</ownerDesignName>
<importedID>9ADDFB4B-67A0-8418-3F9A-90F935B5BE1D</importedID>
<referredTableLongName>AFP</referredTableLongName>
<deleteRule>NO ACTION</deleteRule>
<referredTableID>2C5610C5-DD4A-5331-A1F3-7DBF57FFEAC8</referredTableID>
<keyObject>FCABE551-8094-A0A3-5B67-C4C513E72DC5</keyObject>
<referredKeyID>FCABE551-8094-A0A3-5B67-C4C513E72DC5</referredKeyID>
<mandatory>true</mandatory>
<refColNames>id_afp</refColNames>
<transferable>true</transferable>
<rely>false</rely>
<columnDependencyConstraintGenerateInDDL>true</columnDependencyConstraintGenerateInDDL>
</FKIndexAssociation>