<?xml version = '1.0' encoding = 'UTF-8'?>
<FKIndexAssociation class="oracle.dbtools.crest.model.design.relational.FKIndexAssociation" directorySegmentName="seg_0" id="4CAA1FB4-E565-FFF7-D4EE-DB0C8AE6D693" containerWithKeyObject="0C267B65-0440-0AF5-1A7A-BEDE89AA8B71" localFKIndex="5456FF6F-E6D4-FF42-257B-2B9D967D8ED9" name="ATENCION_MEDICA_PACIENTE_FK">
<sourceDDLFile>BDD 2.sql</sourceDDLFile>
<createdBy>Marcelo Bernabé</createdBy>
<createdTime>2025-09-12 18:02:07 UTC</createdTime>
<ownerDesignName>Entrega semana 5</ownerDesignName>
<importedID>1E4B5211-77AB-B742-1864-E74D8779A82E</importedID>
<referredTableLongName>PACIENTE</referredTableLongName>
<deleteRule>NO ACTION</deleteRule>
<referredTableID>6C74DD57-1E10-81CF-167D-F2AB6EB3E43A</referredTableID>
<keyObject>141C5F38-32C9-1D87-04A3-B6CF8A43CCD3</keyObject>
<referredKeyID>141C5F38-32C9-1D87-04A3-B6CF8A43CCD3</referredKeyID>
<mandatory>true</mandatory>
<refColNames>rut_paciente</refColNames>
<transferable>true</transferable>
<rely>false</rely>
<columnDependencyConstraintGenerateInDDL>true</columnDependencyConstraintGenerateInDDL>
</FKIndexAssociation>