<?xml version = '1.0' encoding = 'UTF-8'?>
<FKIndexAssociation class="oracle.dbtools.crest.model.design.relational.FKIndexAssociation" directorySegmentName="seg_0" id="615835D6-291D-3C14-40D8-F3C7BCFC5E1F" containerWithKeyObject="0C267B65-0440-0AF5-1A7A-BEDE89AA8B71" localFKIndex="7A1745E8-FBA1-2A82-D939-63CDDEA1EFED" name="ATENCION_MEDICA_MEDICO_FK">
<sourceDDLFile>BDD 2.sql</sourceDDLFile>
<createdBy>Marcelo Bernabé</createdBy>
<createdTime>2025-09-12 18:02:07 UTC</createdTime>
<ownerDesignName>Entrega semana 5</ownerDesignName>
<importedID>7CB22893-3FA3-D6B2-2EC7-9B4FC87F2C68</importedID>
<referredTableLongName>MEDICO</referredTableLongName>
<deleteRule>NO ACTION</deleteRule>
<referredTableID>D056E58E-D0AB-5179-0159-C8BB22F2EE58</referredTableID>
<keyObject>97ECCE49-674F-A33B-3008-E3981080E630</keyObject>
<referredKeyID>97ECCE49-674F-A33B-3008-E3981080E630</referredKeyID>
<mandatory>true</mandatory>
<refColNames>rut_medico</refColNames>
<transferable>true</transferable>
<rely>false</rely>
<columnDependencyConstraintGenerateInDDL>true</columnDependencyConstraintGenerateInDDL>
</FKIndexAssociation>