<?xml version = '1.0' encoding = 'UTF-8'?>
<FKIndexAssociation class="oracle.dbtools.crest.model.design.relational.FKIndexAssociation" directorySegmentName="seg_0" id="7E10BA51-8589-6011-0BEB-92E72AA6AE71" containerWithKeyObject="50C1DECE-4E94-F007-EBC0-719AD2B92D59" localFKIndex="DA90574E-2618-C488-7478-459FC6D6D07A" name="COMUNA_REGION_FK">
<sourceDDLFile>BDD 2.sql</sourceDDLFile>
<createdBy>Marcelo Bernabé</createdBy>
<createdTime>2025-09-12 18:02:07 UTC</createdTime>
<ownerDesignName>Entrega semana 5</ownerDesignName>
<importedID>38951407-25FD-7B02-4871-1BBB50A18AD9</importedID>
<referredTableLongName>REGION</referredTableLongName>
<deleteRule>NO ACTION</deleteRule>
<referredTableID>3169CFD4-2123-E086-E1B2-E2FD73682380</referredTableID>
<keyObject>DDC1F64B-BB1C-5719-0EDE-376CD96DFEFC</keyObject>
<referredKeyID>DDC1F64B-BB1C-5719-0EDE-376CD96DFEFC</referredKeyID>
<mandatory>true</mandatory>
<refColNames>id_region</refColNames>
<transferable>true</transferable>
<rely>false</rely>
<columnDependencyConstraintGenerateInDDL>true</columnDependencyConstraintGenerateInDDL>
</FKIndexAssociation>