<?xml version = '1.0' encoding = 'UTF-8'?>
<FKIndexAssociation class="oracle.dbtools.crest.model.design.relational.FKIndexAssociation" directorySegmentName="seg_0" id="89336B23-8891-3B1C-C6C2-B91E0A431421" containerWithKeyObject="48DD9E48-FD99-D469-B803-E815531B82F0" localFKIndex="6A69C4C4-AC08-C67C-F42B-3BB2A18AAB25" name="PAGO_ATENCION_MEDICA_FK">
<sourceDDLFile>BDD 2.sql</sourceDDLFile>
<createdBy>Marcelo Bernabé</createdBy>
<createdTime>2025-09-12 18:02:07 UTC</createdTime>
<ownerDesignName>Entrega semana 5</ownerDesignName>
<importedID>C46DBE8A-2196-3899-D22F-B2C14A8446F7</importedID>
<referredTableLongName>ATENCION_MEDICA</referredTableLongName>
<deleteRule>NO ACTION</deleteRule>
<referredTableID>0C267B65-0440-0AF5-1A7A-BEDE89AA8B71</referredTableID>
<keyObject>1E561025-B0AE-9FC2-C636-A9808572BAD3</keyObject>
<referredKeyID>1E561025-B0AE-9FC2-C636-A9808572BAD3</referredKeyID>
<mandatory>true</mandatory>
<refColNames>id_atencion</refColNames>
<transferable>true</transferable>
<rely>false</rely>
<columnDependencyConstraintGenerateInDDL>true</columnDependencyConstraintGenerateInDDL>
</FKIndexAssociation>