<?xml version = '1.0' encoding = 'UTF-8'?>
<FKIndexAssociation class="oracle.dbtools.crest.model.design.relational.FKIndexAssociation" directorySegmentName="seg_0" id="8E7259B0-33AA-FFC9-C6E3-0F9A10DB427B" containerWithKeyObject="ACA35F6F-1AF1-EB51-8AC7-CC8C013FBE03" localFKIndex="25FFBF15-2A2E-08AB-264A-9EC03FC3ECCC" name="SOLICITUD_EXAMEN_EXAMEN_LABORATORIO_FK">
<sourceDDLFile>BDD 2.sql</sourceDDLFile>
<createdBy>Marcelo Bernabé</createdBy>
<createdTime>2025-09-12 18:02:07 UTC</createdTime>
<ownerDesignName>Entrega semana 5</ownerDesignName>
<importedID>7CB4C321-CFE6-F4A7-F7AB-E9C8950216AB</importedID>
<referredTableLongName>EXAMEN_LABORATORIO</referredTableLongName>
<deleteRule>NO ACTION</deleteRule>
<referredTableID>54002072-D50A-90A2-DE37-B360AF55F2AD</referredTableID>
<keyObject>3A5084CF-4497-16F6-EBB2-DB107E65F22A</keyObject>
<referredKeyID>3A5084CF-4497-16F6-EBB2-DB107E65F22A</referredKeyID>
<mandatory>true</mandatory>
<refColNames>id_examen</refColNames>
<transferable>true</transferable>
<rely>false</rely>
<columnDependencyConstraintGenerateInDDL>true</columnDependencyConstraintGenerateInDDL>
</FKIndexAssociation>