<?xml version = '1.0' encoding = 'UTF-8'?>
<FKIndexAssociation class="oracle.dbtools.crest.model.design.relational.FKIndexAssociation" directorySegmentName="seg_0" id="E4693063-3456-C813-19C6-1AAE39981662" containerWithKeyObject="D056E58E-D0AB-5179-0159-C8BB22F2EE58" localFKIndex="4D6E35E5-123D-18A5-1014-3ECAFE36DC2A" name="MEDICO_INSTITUCION_SALUD_FK">
<sourceDDLFile>BDD 2.sql</sourceDDLFile>
<createdBy>Marcelo Bernabé</createdBy>
<createdTime>2025-09-12 18:02:07 UTC</createdTime>
<ownerDesignName>Entrega semana 5</ownerDesignName>
<importedID>C8D53C15-E3A5-952F-C145-FA0BE4175184</importedID>
<referredTableLongName>INSTITUCION_SALUD</referredTableLongName>
<deleteRule>NO ACTION</deleteRule>
<referredTableID>2F4CE8C8-36BA-45A6-F33D-2339A51A5AA6</referredTableID>
<keyObject>F7E00962-F7E7-1C43-BD07-39DB31CB7CC7</keyObject>
<referredKeyID>F7E00962-F7E7-1C43-BD07-39DB31CB7CC7</referredKeyID>
<mandatory>true</mandatory>
<refColNames>id_institucion</refColNames>
<transferable>true</transferable>
<rely>false</rely>
<columnDependencyConstraintGenerateInDDL>true</columnDependencyConstraintGenerateInDDL>
</FKIndexAssociation>