<?xml version = '1.0' encoding = 'UTF-8'?>
<FKIndexAssociation class="oracle.dbtools.crest.model.design.relational.FKIndexAssociation" directorySegmentName="seg_0" id="FB594AE6-A177-F684-3FD5-9588AC39ECA2" containerWithKeyObject="D056E58E-D0AB-5179-0159-C8BB22F2EE58" localFKIndex="B3EC7A5D-42C5-7906-B921-2B87F2310BCA" name="MEDICO_ESPECIALIDAD_FK">
<sourceDDLFile>BDD 2.sql</sourceDDLFile>
<createdBy>Marcelo Bernabé</createdBy>
<createdTime>2025-09-12 18:02:07 UTC</createdTime>
<ownerDesignName>Entrega semana 5</ownerDesignName>
<importedID>A9687CFA-1074-1DFA-4DCC-F1C902D586BD</importedID>
<referredTableLongName>ESPECIALIDAD</referredTableLongName>
<deleteRule>NO ACTION</deleteRule>
<referredTableID>F8B639B3-EA5F-D6D4-5F8A-D301F91410DB</referredTableID>
<keyObject>4C883327-0E68-932E-618F-8E6DE0653DD3</keyObject>
<referredKeyID>4C883327-0E68-932E-618F-8E6DE0653DD3</referredKeyID>
<mandatory>true</mandatory>
<refColNames>id_especialidad</refColNames>
<transferable>true</transferable>
<rely>false</rely>
<columnDependencyConstraintGenerateInDDL>true</columnDependencyConstraintGenerateInDDL>
</FKIndexAssociation>