<?xml version = '1.0' encoding = 'UTF-8'?>
<FKIndexAssociation class="oracle.dbtools.crest.model.design.relational.FKIndexAssociation" directorySegmentName="seg_0" id="0FE54B5A-664B-3FB5-1113-2EE33390DC53" containerWithKeyObject="E9010157-2A82-57CA-4B78-E61255772F60" localFKIndex="FC77120A-E1F4-3A8C-3A48-64F1E2793F3C" name="Reserva_Pasajero_FK">
<createdBy>Marcelo Bernabé</createdBy>
<createdTime>2025-08-22 21:14:41 UTC</createdTime>
<generatorID>D9787456-6C79-1922-03D9-DA7FAD2E23F0</generatorID>
<ownerDesignName>Entrega semana 2 BDD</ownerDesignName>
<referredTableLongName>Pasajero</referredTableLongName>
<deleteRule>NO ACTION</deleteRule>
<referredTableID>E32B6FCD-0E9C-48FB-906A-D2D1975FFA66</referredTableID>
<keyObject>C44C05F4-9500-A010-6723-18F04276852A</keyObject>
<referredKeyID>C44C05F4-9500-A010-6723-18F04276852A</referredKeyID>
<mandatory>true</mandatory>
<refColNames>ID_Pasajero</refColNames>
<transferable>true</transferable>
<rely>false</rely>
<columnDependencyConstraintGenerateInDDL>true</columnDependencyConstraintGenerateInDDL>
</FKIndexAssociation>