<?xml version = '1.0' encoding = 'UTF-8'?>
<FKIndexAssociation class="oracle.dbtools.crest.model.design.relational.FKIndexAssociation" directorySegmentName="seg_0" id="803E281A-A22F-2F26-1EF1-ECD588B59D63" containerWithKeyObject="E9010157-2A82-57CA-4B78-E61255772F60" localFKIndex="26E54FD2-CD39-F2A3-0B57-5AA9321D6F70" name="Reserva_Vuelo_FK">
<createdBy>Marcelo Bernabé</createdBy>
<createdTime>2025-08-22 21:18:37 UTC</createdTime>
<generatorID>9A7001C2-1E1B-9B4D-FCEE-27FC7D17F494</generatorID>
<ownerDesignName>Entrega semana 2 BDD</ownerDesignName>
<referredTableLongName>Vuelo</referredTableLongName>
<deleteRule>NO ACTION</deleteRule>
<referredTableID>8F7395D9-8BCB-2013-AA6E-B3F3BBBD7ECF</referredTableID>
<keyObject>ECB837A9-075E-ACB4-8F24-0A4D3DB3A140</keyObject>
<referredKeyID>ECB837A9-075E-ACB4-8F24-0A4D3DB3A140</referredKeyID>
<mandatory>true</mandatory>
<refColNames>ID_vuelo,Avión_matricula</refColNames>
<transferable>true</transferable>
<rely>false</rely>
<columnDependencyConstraintGenerateInDDL>true</columnDependencyConstraintGenerateInDDL>
</FKIndexAssociation>