<?xml version = '1.0' encoding = 'UTF-8'?>
<Relation class="oracle.dbtools.crest.model.design.logical.Relation" name="Relation_3" directorySegmentName="seg_0" id="9A7001C2-1E1B-9B4D-FCEE-27FC7D17F494">
<createdBy>Marcelo Bernabé</createdBy>
<createdTime>2025-08-22 21:16:17 UTC</createdTime>
<ownerDesignName>Entrega semana 2 BDD</ownerDesignName>
<engineerTo>
<item key="4E028BB9-3AC0-F139-69A3-A0C4B128515F" value="true"/>
</engineerTo>
<sourcePk>83A4328B-A72D-5B78-958C-DCD58119D259</sourcePk>
<identifying>true</identifying>
<optionalSource>true</optionalSource>
<optionalTarget>false</optionalTarget>
<sourceCardinality>1</sourceCardinality>
<sourceEntity>2DBE3BDE-AD6C-A7B7-10C9-0E0F1DF206EC</sourceEntity>
<targetCardinalityString>*</targetCardinalityString>
<targetEntity>54391A70-8E4E-76CA-8ADC-1C5E3CFBDAFD</targetEntity>
<transferable>true</transferable>
<deleteRule>NO ACTION</deleteRule>
</Relation>