<?xml version = '1.0' encoding = 'UTF-8'?>
<Table class="oracle.dbtools.crest.model.design.relational.Table" directorySegmentName="seg_0" id="0E36C19F-1A87-DE93-CB5B-A6E20C2C7D71" name="MEDICO">
<createdBy>Marcelo Bernabé</createdBy>
<createdTime>2025-08-31 22:34:11 UTC</createdTime>
<generatorID>6F301C4A-EB8A-D32B-CCD1-656F5A97BA52</generatorID>
<ownerDesignName>Entrega semana 3 BDD</ownerDesignName>
<allowColumnReorder>false</allowColumnReorder>
<existDependencyGenerateInDDl>true</existDependencyGenerateInDDl>
<parsed>true</parsed>
<columns itemClass="oracle.dbtools.crest.model.design.relational.Column">
<Column name="rut" id="7C30ADF5-6AA7-8A31-714A-070F31105BAD">
<createdBy>Marcelo Bernabé</createdBy>
<createdTime>2025-08-31 22:34:11 UTC</createdTime>
<generatorID>3E311197-D095-2899-EE7B-4CC685227592</generatorID>
<ownerDesignName>Entrega semana 3 BDD</ownerDesignName>
<useDomainConstraints>false</useDomainConstraints>
<use>1</use>
<logicalDatatype>LOGDT024</logicalDatatype>
<dataTypeSize>12</dataTypeSize>
<ownDataTypeParameters>,,</ownDataTypeParameters>
<autoIncrementCycle>false</autoIncrementCycle>
<associations>
<colAssociation fkAssociation="D4E3A71B-F52A-7CBE-4B33-C7EA957353CB" referredColumn="163779B6-0B71-0E27-4E14-8B5E3A514C88"/>
</associations>
</Column>
<Column name="especialidad" id="A1F34758-FB83-97A1-5ABF-AC3CB982C961">
<createdBy>Marcelo Bernabé</createdBy>
<createdTime>2025-08-31 22:34:11 UTC</createdTime>
<generatorID>3BC834E0-3352-F83C-6FF9-FAD96BD38C1A</generatorID>
<ownerDesignName>Entrega semana 3 BDD</ownerDesignName>
<useDomainConstraints>false</useDomainConstraints>
<use>1</use>
<logicalDatatype>LOGDT024</logicalDatatype>
<ownDataTypeParameters>,,</ownDataTypeParameters>
<autoIncrementCycle>false</autoIncrementCycle>
</Column>
<Column name="MEDICO_rut" id="95B6852F-A3E0-2822-7E11-397456E04BDF">
<createdBy>Marcelo Bernabé</createdBy>
<createdTime>2025-08-31 22:34:11 UTC</createdTime>
<generatorID>34861FA5-41D7-1E01-4274-DBCE6681AD23</generatorID>
<ownerDesignName>Entrega semana 3 BDD</ownerDesignName>
<nullsAllowed>true</nullsAllowed>
<useDomainConstraints>false</useDomainConstraints>
<use>1</use>
<logicalDatatype>LOGDT024</logicalDatatype>
<dataTypeSize>12</dataTypeSize>
<ownDataTypeParameters>,,</ownDataTypeParameters>
<previousColumn>false</previousColumn>
<autoIncrementCycle>false</autoIncrementCycle>
<associations>
<colAssociation fkAssociation="88FBDF53-B1CB-F7EF-9B31-A3E33F8C8FD4" referredColumn="7C30ADF5-6AA7-8A31-714A-070F31105BAD"/>
</associations>
</Column>
<Column name="RUT_supervisor" id="3AE1E740-6301-C128-3168-B87BAD0183CD">
<createdBy>Marcelo Bernabé</createdBy>
<createdTime>2025-08-31 22:34:11 UTC</createdTime>
<generatorID>4B5879D8-0603-4006-3EE2-D02407908D6F</generatorID>
<ownerDesignName>Entrega semana 3 BDD</ownerDesignName>
<nullsAllowed>true</nullsAllowed>
<useDomainConstraints>false</useDomainConstraints>
<use>1</use>
<ownDataTypeParameters>,,</ownDataTypeParameters>
<autoIncrementCycle>false</autoIncrementCycle>
<isRelationshipColumn>true</isRelationshipColumn>
<dependOnForeignKeyID>88FBDF53-B1CB-F7EF-9B31-A3E33F8C8FD4</dependOnForeignKeyID>
</Column>
</columns>
<indexes itemClass="oracle.dbtools.crest.model.design.relational.Index">
<ind_PK_UK id="73B838B1-E202-B3D6-4CDA-37E203AAF60F" name="MEDICO_PK">
<createdBy>Marcelo Bernabé</createdBy>
<createdTime>2025-08-31 22:34:11 UTC</createdTime>
<generatorID>3B56CAB4-AC02-76A7-AC5A-F8F8936CE4EF</generatorID>
<ownerDesignName>Entrega semana 3 BDD</ownerDesignName>
<pk>true</pk>
<indexState>Primary Constraint</indexState>
<isSurrogateKey>false</isSurrogateKey>
<indexColumnUsage>
<colUsage columnID="7C30ADF5-6AA7-8A31-714A-070F31105BAD"/>
</indexColumnUsage>
</ind_PK_UK>
<ind_PK_UK id="6A538600-79F0-7406-FDEC-790C2392CBAC" name="MEDICO_PERSONAL_FK">
<createdBy>Marcelo Bernabé</createdBy>
<createdTime>2025-08-31 22:34:11 UTC</createdTime>
<generatorID>CB6866A8-FB69-A3BC-2E79-39B7648CEFFF</generatorID>
<ownerDesignName>Entrega semana 3 BDD</ownerDesignName>
<indexState>Foreign Key</indexState>
<isSurrogateKey>false</isSurrogateKey>
<indexColumnUsage>
<colUsage columnID="7C30ADF5-6AA7-8A31-714A-070F31105BAD"/>
</indexColumnUsage>
</ind_PK_UK>
<ind_PK_UK id="23C1A0D1-65B9-7417-93C7-FA9242C94B18" name="MEDICO_MEDICO_FK">
<createdBy>Marcelo Bernabé</createdBy>
<createdTime>2025-08-31 22:34:11 UTC</createdTime>
<generatorID>CCBA6AD9-96F8-CF2E-2671-705477F9DF76</generatorID>
<ownerDesignName>Entrega semana 3 BDD</ownerDesignName>
<indexState>Foreign Key</indexState>
<isSurrogateKey>false</isSurrogateKey>
<indexColumnUsage>
<colUsage columnID="95B6852F-A3E0-2822-7E11-397456E04BDF"/>
</indexColumnUsage>
</ind_PK_UK>
</indexes>
</Table>