<?xml version = '1.0' encoding = 'UTF-8'?>
<Table class="oracle.dbtools.crest.model.design.relational.Table" directorySegmentName="seg_0" id="2B769BE2-AB90-0DF0-068F-A3F9187AB934" name="HABITACION">
<createdBy>Marcelo Bernabé</createdBy>
<createdTime>2025-08-31 22:34:11 UTC</createdTime>
<generatorID>E21D38DB-4767-FE55-12C5-5E1FA927310A</generatorID>
<ownerDesignName>Entrega semana 3 BDD</ownerDesignName>
<allowColumnReorder>false</allowColumnReorder>
<existDependencyGenerateInDDl>true</existDependencyGenerateInDDl>
<parsed>true</parsed>
<columns itemClass="oracle.dbtools.crest.model.design.relational.Column">
<Column name="id_habitacion" id="4C1A3F32-941F-2363-C2AF-E8C3C8865FDE">
<createdBy>Marcelo Bernabé</createdBy>
<createdTime>2025-08-31 22:34:11 UTC</createdTime>
<generatorID>3663F39C-D3B8-EC4E-18F5-0F0EDF42047C</generatorID>
<ownerDesignName>Entrega semana 3 BDD</ownerDesignName>
<useDomainConstraints>false</useDomainConstraints>
<use>1</use>
<logicalDatatype>LOGDT024</logicalDatatype>
<dataTypeSize>12</dataTypeSize>
<ownDataTypeParameters>12,,</ownDataTypeParameters>
<autoIncrementCycle>false</autoIncrementCycle>
</Column>
<Column name="numero" id="B51AF904-BE92-6806-DCBD-1DDB2CE8494F">
<createdBy>Marcelo Bernabé</createdBy>
<createdTime>2025-08-31 22:34:11 UTC</createdTime>
<generatorID>15980286-6072-4889-6DCE-4533751AB4DE</generatorID>
<ownerDesignName>Entrega semana 3 BDD</ownerDesignName>
<useDomainConstraints>false</useDomainConstraints>
<use>1</use>
<logicalDatatype>LOGDT019</logicalDatatype>
<dataTypePrecision>3</dataTypePrecision>
<ownDataTypeParameters>,3,</ownDataTypeParameters>
<autoIncrementCycle>false</autoIncrementCycle>
</Column>
<Column name="tipo" id="DCCA5714-1D57-88F5-D03A-CE03823932F5">
<createdBy>Marcelo Bernabé</createdBy>
<createdTime>2025-08-31 22:34:11 UTC</createdTime>
<generatorID>196F5692-7919-0AF5-71AD-E504CC1539B1</generatorID>
<ownerDesignName>Entrega semana 3 BDD</ownerDesignName>
<useDomainConstraints>false</useDomainConstraints>
<use>1</use>
<logicalDatatype>LOGDT024</logicalDatatype>
<dataTypeSize>20</dataTypeSize>
<ownDataTypeParameters>20,,</ownDataTypeParameters>
<autoIncrementCycle>false</autoIncrementCycle>
</Column>
<Column name="estado" id="E59918EB-F2F1-C505-805B-19DF10995998">
<createdBy>Marcelo Bernabé</createdBy>
<createdTime>2025-08-31 22:34:11 UTC</createdTime>
<generatorID>19F35178-F6BE-A8FF-FB71-5954C02F6495</generatorID>
<ownerDesignName>Entrega semana 3 BDD</ownerDesignName>
<useDomainConstraints>false</useDomainConstraints>
<use>1</use>
<logicalDatatype>LOGDT024</logicalDatatype>
<dataTypeSize>20</dataTypeSize>
<ownDataTypeParameters>20,,</ownDataTypeParameters>
<autoIncrementCycle>false</autoIncrementCycle>
</Column>
<Column name="RESIDENCIA_id_residencia" id="F1D20B62-5F7B-1E27-B341-8247D90AF6A7">
<createdBy>Marcelo Bernabé</createdBy>
<createdTime>2025-08-31 22:34:11 UTC</createdTime>
<generatorID>F5FE5446-66A0-0B4B-6E25-26BC104E703A</generatorID>
<ownerDesignName>Entrega semana 3 BDD</ownerDesignName>
<useDomainConstraints>false</useDomainConstraints>
<use>1</use>
<logicalDatatype>LOGDT024</logicalDatatype>
<dataTypeSize>12</dataTypeSize>
<ownDataTypeParameters>,,</ownDataTypeParameters>
<previousColumn>false</previousColumn>
<autoIncrementCycle>false</autoIncrementCycle>
<associations>
<colAssociation fkAssociation="3D549797-0B42-25D6-3BB7-6040CA2FC5EE" referredColumn="515284E3-F11C-69FB-8268-D5B29358E229"/>
</associations>
</Column>
</columns>
<indexes itemClass="oracle.dbtools.crest.model.design.relational.Index">
<ind_PK_UK id="066A7AE7-9340-B4CE-EB63-EE03DC27372A" name="HABITACION_PK">
<createdBy>Marcelo Bernabé</createdBy>
<createdTime>2025-08-31 22:34:11 UTC</createdTime>
<generatorID>21CDE1DA-8D0B-870C-A02C-EFEBF70BE6D7</generatorID>
<ownerDesignName>Entrega semana 3 BDD</ownerDesignName>
<pk>true</pk>
<indexState>Primary Constraint</indexState>
<isSurrogateKey>false</isSurrogateKey>
<indexColumnUsage>
<colUsage columnID="4C1A3F32-941F-2363-C2AF-E8C3C8865FDE"/>
</indexColumnUsage>
</ind_PK_UK>
<ind_PK_UK id="0CB42959-C6C7-9A64-C5C9-DF4E18D75C10" name="HABITACION_RESIDENCIA_FK">
<createdBy>Marcelo Bernabé</createdBy>
<createdTime>2025-08-31 22:34:11 UTC</createdTime>
<generatorID>C9CD9C10-3702-5C3D-00DE-AC937CDE4BE2</generatorID>
<ownerDesignName>Entrega semana 3 BDD</ownerDesignName>
<indexState>Foreign Key</indexState>
<isSurrogateKey>false</isSurrogateKey>
<indexColumnUsage>
<colUsage columnID="F1D20B62-5F7B-1E27-B341-8247D90AF6A7"/>
</indexColumnUsage>
</ind_PK_UK>
</indexes>
</Table>