<?xml version = '1.0' encoding = 'UTF-8'?>
<Table class="oracle.dbtools.crest.model.design.relational.Table" directorySegmentName="seg_0" id="32369F66-C1AD-583F-5C27-0C090C6F7736" name="APODERADO">
<createdBy>Marcelo Bernabé</createdBy>
<createdTime>2025-08-31 22:34:11 UTC</createdTime>
<generatorID>73158F8D-10BA-E059-F66B-0F1DD73631A2</generatorID>
<ownerDesignName>Entrega semana 3 BDD</ownerDesignName>
<allowColumnReorder>false</allowColumnReorder>
<existDependencyGenerateInDDl>true</existDependencyGenerateInDDl>
<parsed>true</parsed>
<columns itemClass="oracle.dbtools.crest.model.design.relational.Column">
<Column name="rut" id="E9E0D38D-7282-3C58-6049-B03D3C38F4F1">
<createdBy>Marcelo Bernabé</createdBy>
<createdTime>2025-08-31 22:34:11 UTC</createdTime>
<generatorID>3E311197-D095-2899-EE7B-4CC685227592</generatorID>
<ownerDesignName>Entrega semana 3 BDD</ownerDesignName>
<useDomainConstraints>false</useDomainConstraints>
<use>1</use>
<logicalDatatype>LOGDT024</logicalDatatype>
<dataTypeSize>12</dataTypeSize>
<ownDataTypeParameters>,,</ownDataTypeParameters>
<autoIncrementCycle>false</autoIncrementCycle>
<associations>
<colAssociation fkAssociation="DB98BBF6-D2D7-4CE1-4D99-B4B978C0D581" referredColumn="5206FE27-D3E9-5B09-3CE5-2118FBC6E285"/>
</associations>
</Column>
<Column name="relacion" id="88DD52C4-248B-3C7E-7C85-7DA331F1E6DA">
<createdBy>Marcelo Bernabé</createdBy>
<createdTime>2025-08-31 22:34:11 UTC</createdTime>
<generatorID>9A1AA5CF-7E83-714B-7A12-1D26A54D9CB5</generatorID>
<ownerDesignName>Entrega semana 3 BDD</ownerDesignName>
<useDomainConstraints>false</useDomainConstraints>
<use>1</use>
<logicalDatatype>LOGDT024</logicalDatatype>
<dataTypeSize>50</dataTypeSize>
<ownDataTypeParameters>50,,</ownDataTypeParameters>
<autoIncrementCycle>false</autoIncrementCycle>
</Column>
</columns>
<indexes itemClass="oracle.dbtools.crest.model.design.relational.Index">
<ind_PK_UK id="E6037D28-D9A4-8D30-485A-BB4F34F237D2" name="APODERADO_PK">
<createdBy>Marcelo Bernabé</createdBy>
<createdTime>2025-08-31 22:34:11 UTC</createdTime>
<generatorID>3B56CAB4-AC02-76A7-AC5A-F8F8936CE4EF</generatorID>
<ownerDesignName>Entrega semana 3 BDD</ownerDesignName>
<pk>true</pk>
<indexState>Primary Constraint</indexState>
<isSurrogateKey>false</isSurrogateKey>
<indexColumnUsage>
<colUsage columnID="E9E0D38D-7282-3C58-6049-B03D3C38F4F1"/>
</indexColumnUsage>
</ind_PK_UK>
<ind_PK_UK id="308128E5-20B8-6AA0-54D3-83B4E4EF4315" name="APODERADO_PERSONA_FK">
<createdBy>Marcelo Bernabé</createdBy>
<createdTime>2025-08-31 22:34:11 UTC</createdTime>
<generatorID>14C7D5AE-F4CC-7C9D-B900-96417B41B01F</generatorID>
<ownerDesignName>Entrega semana 3 BDD</ownerDesignName>
<indexState>Foreign Key</indexState>
<isSurrogateKey>false</isSurrogateKey>
<indexColumnUsage>
<colUsage columnID="E9E0D38D-7282-3C58-6049-B03D3C38F4F1"/>
</indexColumnUsage>
</ind_PK_UK>
</indexes>
</Table>