<?xml version = '1.0' encoding = 'UTF-8'?>
<Table class="oracle.dbtools.crest.model.design.relational.Table" directorySegmentName="seg_0" id="5D2E2F2A-E36F-A992-A91B-BA27FC17295D" name="CUIDADOR">
<createdBy>Marcelo Bernabé</createdBy>
<createdTime>2025-08-31 22:34:11 UTC</createdTime>
<generatorID>43E53073-C8F3-9EC3-982C-178EF608F80F</generatorID>
<ownerDesignName>Entrega semana 3 BDD</ownerDesignName>
<allowColumnReorder>false</allowColumnReorder>
<existDependencyGenerateInDDl>true</existDependencyGenerateInDDl>
<parsed>true</parsed>
<columns itemClass="oracle.dbtools.crest.model.design.relational.Column">
<Column name="rut" id="AC004D5E-26B9-EA90-A664-6C3DE1F3926F">
<createdBy>Marcelo Bernabé</createdBy>
<createdTime>2025-08-31 22:34:11 UTC</createdTime>
<generatorID>3E311197-D095-2899-EE7B-4CC685227592</generatorID>
<ownerDesignName>Entrega semana 3 BDD</ownerDesignName>
<useDomainConstraints>false</useDomainConstraints>
<use>1</use>
<logicalDatatype>LOGDT024</logicalDatatype>
<dataTypeSize>12</dataTypeSize>
<ownDataTypeParameters>,,</ownDataTypeParameters>
<autoIncrementCycle>false</autoIncrementCycle>
<associations>
<colAssociation fkAssociation="FE2948D6-718F-B11A-D5CF-3E6399C6F151" referredColumn="163779B6-0B71-0E27-4E14-8B5E3A514C88"/>
</associations>
</Column>
<Column name="labor" id="B4D1B15F-27FA-9C05-9AF7-30B57A48101F">
<createdBy>Marcelo Bernabé</createdBy>
<createdTime>2025-08-31 22:34:11 UTC</createdTime>
<generatorID>72AAB5B1-AFA4-6867-80C8-C173C30A0F18</generatorID>
<ownerDesignName>Entrega semana 3 BDD</ownerDesignName>
<useDomainConstraints>false</useDomainConstraints>
<use>1</use>
<logicalDatatype>LOGDT024</logicalDatatype>
<dataTypeSize>50</dataTypeSize>
<ownDataTypeParameters>50,,</ownDataTypeParameters>
<autoIncrementCycle>false</autoIncrementCycle>
</Column>
</columns>
<indexes itemClass="oracle.dbtools.crest.model.design.relational.Index">
<ind_PK_UK id="BF2975E1-0D0F-BA3F-E3EB-273DBAD7C6AF" name="CUIDADOR_PK">
<createdBy>Marcelo Bernabé</createdBy>
<createdTime>2025-08-31 22:34:11 UTC</createdTime>
<generatorID>3B56CAB4-AC02-76A7-AC5A-F8F8936CE4EF</generatorID>
<ownerDesignName>Entrega semana 3 BDD</ownerDesignName>
<pk>true</pk>
<indexState>Primary Constraint</indexState>
<isSurrogateKey>false</isSurrogateKey>
<indexColumnUsage>
<colUsage columnID="AC004D5E-26B9-EA90-A664-6C3DE1F3926F"/>
</indexColumnUsage>
</ind_PK_UK>
<ind_PK_UK id="444B5CDB-8E24-D6A7-59CC-3FF7A164515E" name="CUIDADOR_PERSONAL_FK">
<createdBy>Marcelo Bernabé</createdBy>
<createdTime>2025-08-31 22:34:11 UTC</createdTime>
<generatorID>87E43019-3072-2EF8-6D57-00E5B8BBA3DB</generatorID>
<ownerDesignName>Entrega semana 3 BDD</ownerDesignName>
<indexState>Foreign Key</indexState>
<isSurrogateKey>false</isSurrogateKey>
<indexColumnUsage>
<colUsage columnID="AC004D5E-26B9-EA90-A664-6C3DE1F3926F"/>
</indexColumnUsage>
</ind_PK_UK>
</indexes>
</Table>