<?xml version = '1.0' encoding = 'UTF-8'?>
<Table class="oracle.dbtools.crest.model.design.relational.Table" directorySegmentName="seg_0" id="71A9245C-3918-243C-2F04-64857026FDE0" name="PERSONA">
<createdBy>Marcelo Bernabé</createdBy>
<createdTime>2025-08-31 22:34:11 UTC</createdTime>
<generatorID>B059B30E-76CB-CA0D-1445-F938A41D3D3A</generatorID>
<ownerDesignName>Entrega semana 3 BDD</ownerDesignName>
<allowColumnReorder>false</allowColumnReorder>
<existDependencyGenerateInDDl>true</existDependencyGenerateInDDl>
<parsed>true</parsed>
<columns itemClass="oracle.dbtools.crest.model.design.relational.Column">
<Column name="rut" id="5206FE27-D3E9-5B09-3CE5-2118FBC6E285">
<createdBy>Marcelo Bernabé</createdBy>
<createdTime>2025-08-31 22:34:11 UTC</createdTime>
<generatorID>3E311197-D095-2899-EE7B-4CC685227592</generatorID>
<ownerDesignName>Entrega semana 3 BDD</ownerDesignName>
<useDomainConstraints>false</useDomainConstraints>
<use>1</use>
<logicalDatatype>LOGDT024</logicalDatatype>
<dataTypeSize>12</dataTypeSize>
<ownDataTypeParameters>12,,</ownDataTypeParameters>
<autoIncrementCycle>false</autoIncrementCycle>
</Column>
<Column name="nombre" id="9805799D-1C15-111E-8148-BEC8F7A18AAF">
<createdBy>Marcelo Bernabé</createdBy>
<createdTime>2025-08-31 22:34:11 UTC</createdTime>
<generatorID>50E12881-2B6F-B424-1953-D2637758F0B7</generatorID>
<ownerDesignName>Entrega semana 3 BDD</ownerDesignName>
<useDomainConstraints>false</useDomainConstraints>
<use>1</use>
<logicalDatatype>LOGDT024</logicalDatatype>
<dataTypeSize>100</dataTypeSize>
<ownDataTypeParameters>100,,</ownDataTypeParameters>
<autoIncrementCycle>false</autoIncrementCycle>
</Column>
<Column name="fecha_nacimiento" id="60F9F30D-29F5-628D-5C8E-16DC9054079A">
<createdBy>Marcelo Bernabé</createdBy>
<createdTime>2025-08-31 22:34:11 UTC</createdTime>
<generatorID>8B049001-7A3F-2138-44D4-8D3E3E50141B</generatorID>
<ownerDesignName>Entrega semana 3 BDD</ownerDesignName>
<useDomainConstraints>false</useDomainConstraints>
<use>1</use>
<logicalDatatype>LOGDT007</logicalDatatype>
<ownDataTypeParameters>,,</ownDataTypeParameters>
<autoIncrementCycle>false</autoIncrementCycle>
</Column>
<Column name="contacto" id="F312D753-2A20-FEDC-3B05-854F0D57A9D7">
<createdBy>Marcelo Bernabé</createdBy>
<createdTime>2025-08-31 22:34:11 UTC</createdTime>
<generatorID>22B0A87A-BADB-200E-C519-88EAC3DB1AB3</generatorID>
<ownerDesignName>Entrega semana 3 BDD</ownerDesignName>
<useDomainConstraints>false</useDomainConstraints>
<use>1</use>
<logicalDatatype>LOGDT024</logicalDatatype>
<dataTypeSize>50</dataTypeSize>
<ownDataTypeParameters>50,,</ownDataTypeParameters>
<autoIncrementCycle>false</autoIncrementCycle>
</Column>
<Column name="RESIDENCIA_id_residencia" id="135313BC-F177-D8E0-0D90-5DD247C46707">
<createdBy>Marcelo Bernabé</createdBy>
<createdTime>2025-08-31 22:34:11 UTC</createdTime>
<generatorID>5C084AC9-0BC1-5793-302A-A8457C2DA7D3</generatorID>
<ownerDesignName>Entrega semana 3 BDD</ownerDesignName>
<useDomainConstraints>false</useDomainConstraints>
<use>1</use>
<logicalDatatype>LOGDT024</logicalDatatype>
<dataTypeSize>12</dataTypeSize>
<ownDataTypeParameters>,,</ownDataTypeParameters>
<previousColumn>false</previousColumn>
<autoIncrementCycle>false</autoIncrementCycle>
<associations>
<colAssociation fkAssociation="71DF6E4C-B463-6FC8-095F-FAE890C18B0E" referredColumn="515284E3-F11C-69FB-8268-D5B29358E229"/>
</associations>
</Column>
</columns>
<indexes itemClass="oracle.dbtools.crest.model.design.relational.Index">
<ind_PK_UK id="C5E4C4DA-C968-3EE4-E761-B86F97A8EC09" name="PERSONA_PK">
<createdBy>Marcelo Bernabé</createdBy>
<createdTime>2025-08-31 22:34:11 UTC</createdTime>
<generatorID>3B56CAB4-AC02-76A7-AC5A-F8F8936CE4EF</generatorID>
<ownerDesignName>Entrega semana 3 BDD</ownerDesignName>
<pk>true</pk>
<indexState>Primary Constraint</indexState>
<isSurrogateKey>false</isSurrogateKey>
<indexColumnUsage>
<colUsage columnID="5206FE27-D3E9-5B09-3CE5-2118FBC6E285"/>
</indexColumnUsage>
</ind_PK_UK>
<ind_PK_UK id="54E7591C-424D-24EE-AA75-061EB50D3231" name="PERSONA_RESIDENCIA_FK">
<createdBy>Marcelo Bernabé</createdBy>
<createdTime>2025-08-31 22:34:11 UTC</createdTime>
<generatorID>49A596FA-53BD-D9F4-E2C1-49A584855614</generatorID>
<ownerDesignName>Entrega semana 3 BDD</ownerDesignName>
<indexState>Foreign Key</indexState>
<isSurrogateKey>false</isSurrogateKey>
<indexColumnUsage>
<colUsage columnID="135313BC-F177-D8E0-0D90-5DD247C46707"/>
</indexColumnUsage>
</ind_PK_UK>
</indexes>
</Table>