<?xml version = '1.0' encoding = 'UTF-8'?>
<Table class="oracle.dbtools.crest.model.design.relational.Table" directorySegmentName="seg_0" id="7D508CE4-3A37-D49C-9A21-B85CCD32AFD0" name="RESIDENTE">
<createdBy>Marcelo Bernabé</createdBy>
<createdTime>2025-08-31 22:34:11 UTC</createdTime>
<generatorID>A324871B-82BE-9A66-73DC-EBFD18E835B9</generatorID>
<ownerDesignName>Entrega semana 3 BDD</ownerDesignName>
<allowColumnReorder>false</allowColumnReorder>
<existDependencyGenerateInDDl>true</existDependencyGenerateInDDl>
<parsed>true</parsed>
<columns itemClass="oracle.dbtools.crest.model.design.relational.Column">
<Column name="rut" id="DDE6215F-BBF5-B6BE-AE82-73DB4D451EC0">
<createdBy>Marcelo Bernabé</createdBy>
<createdTime>2025-08-31 22:34:11 UTC</createdTime>
<generatorID>3E311197-D095-2899-EE7B-4CC685227592</generatorID>
<ownerDesignName>Entrega semana 3 BDD</ownerDesignName>
<useDomainConstraints>false</useDomainConstraints>
<use>1</use>
<logicalDatatype>LOGDT024</logicalDatatype>
<dataTypeSize>12</dataTypeSize>
<ownDataTypeParameters>,,</ownDataTypeParameters>
<autoIncrementCycle>false</autoIncrementCycle>
<associations>
<colAssociation fkAssociation="32EA53CD-36C2-A71E-82E2-E2F67BD47C90" referredColumn="5206FE27-D3E9-5B09-3CE5-2118FBC6E285"/>
</associations>
</Column>
<Column name="autonomia" id="7C6A6921-511F-4371-42D6-850749A1F1CE">
<createdBy>Marcelo Bernabé</createdBy>
<createdTime>2025-08-31 22:34:11 UTC</createdTime>
<generatorID>2CACB812-7B0E-935C-F7D9-FF01749FA8A1</generatorID>
<ownerDesignName>Entrega semana 3 BDD</ownerDesignName>
<useDomainConstraints>false</useDomainConstraints>
<use>1</use>
<logicalDatatype>LOGDT025</logicalDatatype>
<dataTypeSize>1</dataTypeSize>
<ownDataTypeParameters>1,,</ownDataTypeParameters>
<autoIncrementCycle>false</autoIncrementCycle>
</Column>
<Column name="tipo_residente" id="54712AF0-3961-D32A-D7DB-CBC3B94B78C7">
<createdBy>Marcelo Bernabé</createdBy>
<createdTime>2025-08-31 22:34:11 UTC</createdTime>
<generatorID>6CD6A3A4-D3E1-30D9-CD56-4D075A7D90DF</generatorID>
<notes><![CDATA[T/P]]></notes>
<ownerDesignName>Entrega semana 3 BDD</ownerDesignName>
<useDomainConstraints>false</useDomainConstraints>
<use>1</use>
<logicalDatatype>LOGDT024</logicalDatatype>
<dataTypeSize>1</dataTypeSize>
<ownDataTypeParameters>1,,</ownDataTypeParameters>
<autoIncrementCycle>false</autoIncrementCycle>
</Column>
<Column name="dias_estadia" id="4E4372B4-F924-69BF-44AF-B15770077AE7">
<createdBy>Marcelo Bernabé</createdBy>
<createdTime>2025-08-31 22:34:11 UTC</createdTime>
<generatorID>38E16958-1313-F0B3-7D8A-A4BAABE08A4C</generatorID>
<ownerDesignName>Entrega semana 3 BDD</ownerDesignName>
<nullsAllowed>true</nullsAllowed>
<useDomainConstraints>false</useDomainConstraints>
<use>1</use>
<logicalDatatype>LOGDT019</logicalDatatype>
<dataTypePrecision>2</dataTypePrecision>
<ownDataTypeParameters>,2,</ownDataTypeParameters>
<autoIncrementCycle>false</autoIncrementCycle>
</Column>
<Column name="historial_clinico" id="6B6DA5DF-C0A5-5A46-3554-56A106F192A6">
<createdBy>Marcelo Bernabé</createdBy>
<createdTime>2025-08-31 22:34:11 UTC</createdTime>
<generatorID>0C4B3318-0503-9FAC-D4F9-147BC6ADAE68</generatorID>
<ownerDesignName>Entrega semana 3 BDD</ownerDesignName>
<nullsAllowed>true</nullsAllowed>
<useDomainConstraints>false</useDomainConstraints>
<use>1</use>
<logicalDatatype>LOGDT028</logicalDatatype>
<ownDataTypeParameters>,,</ownDataTypeParameters>
<autoIncrementCycle>false</autoIncrementCycle>
</Column>
<Column name="ANEXO_anexo_id" id="40E726DF-3E87-EA03-DF8B-D0CA2E871077">
<createdBy>Marcelo Bernabé</createdBy>
<createdTime>2025-08-31 22:34:11 UTC</createdTime>
<generatorID>9E618C8C-43A4-F88A-20D7-55F59E95AD9B</generatorID>
<ownerDesignName>Entrega semana 3 BDD</ownerDesignName>
<useDomainConstraints>false</useDomainConstraints>
<use>1</use>
<logicalDatatype>LOGDT024</logicalDatatype>
<dataTypeSize>12</dataTypeSize>
<ownDataTypeParameters>,,</ownDataTypeParameters>
<previousColumn>false</previousColumn>
<autoIncrementCycle>false</autoIncrementCycle>
<associations>
<colAssociation fkAssociation="71D59F29-67FC-FEBF-0C0B-1B3A5F0E5470" referredColumn="5330DA64-D06B-4B41-E82A-74BF57930885"/>
</associations>
</Column>
<Column name="HABITACION_id_habitacion" id="73942CEA-75B7-EA72-E320-B3EEF2786A5A">
<createdBy>Marcelo Bernabé</createdBy>
<createdTime>2025-08-31 22:34:11 UTC</createdTime>
<generatorID>B3FBB5BF-B6C8-A06B-E5C8-4793938288F7</generatorID>
<ownerDesignName>Entrega semana 3 BDD</ownerDesignName>
<useDomainConstraints>false</useDomainConstraints>
<use>1</use>
<logicalDatatype>LOGDT024</logicalDatatype>
<dataTypeSize>12</dataTypeSize>
<ownDataTypeParameters>,,</ownDataTypeParameters>
<previousColumn>false</previousColumn>
<autoIncrementCycle>false</autoIncrementCycle>
<associations>
<colAssociation fkAssociation="F6579418-28F8-7A74-B89B-F1FBD92DC4F5" referredColumn="4C1A3F32-941F-2363-C2AF-E8C3C8865FDE"/>
</associations>
</Column>
</columns>
<indexes itemClass="oracle.dbtools.crest.model.design.relational.Index">
<ind_PK_UK id="0DD9413F-30DF-0B78-C5C3-D39BE29F872A" name="RESIDENTE_PK">
<createdBy>Marcelo Bernabé</createdBy>
<createdTime>2025-08-31 22:34:11 UTC</createdTime>
<generatorID>3B56CAB4-AC02-76A7-AC5A-F8F8936CE4EF</generatorID>
<ownerDesignName>Entrega semana 3 BDD</ownerDesignName>
<pk>true</pk>
<indexState>Primary Constraint</indexState>
<isSurrogateKey>false</isSurrogateKey>
<indexColumnUsage>
<colUsage columnID="DDE6215F-BBF5-B6BE-AE82-73DB4D451EC0"/>
</indexColumnUsage>
</ind_PK_UK>
<ind_PK_UK id="B265D48E-6B81-862C-822F-9C91A69A025E" name="RESIDENTE__IDX">
<createdBy>Marcelo Bernabé</createdBy>
<createdTime>2025-08-31 22:34:11 UTC</createdTime>
<ownerDesignName>Entrega semana 3 BDD</ownerDesignName>
<indexState>Unique Plain Index</indexState>
<isSurrogateKey>false</isSurrogateKey>
<relationGeneratorID>1CE82130-BE79-1134-3956-5529CAE8F424</relationGeneratorID>
<indexColumnUsage>
<colUsage columnID="40E726DF-3E87-EA03-DF8B-D0CA2E871077"/>
</indexColumnUsage>
</ind_PK_UK>
<ind_PK_UK id="C1196C94-1B5D-FE2A-41BF-4D49C692FE1D" name="RESIDENTE__IDXv1">
<createdBy>Marcelo Bernabé</createdBy>
<createdTime>2025-08-31 22:34:11 UTC</createdTime>
<ownerDesignName>Entrega semana 3 BDD</ownerDesignName>
<indexState>Unique Plain Index</indexState>
<isSurrogateKey>false</isSurrogateKey>
<relationGeneratorID>EECFB0C9-79E2-D9E9-2C4C-EB403AA62E38</relationGeneratorID>
<indexColumnUsage>
<colUsage columnID="73942CEA-75B7-EA72-E320-B3EEF2786A5A"/>
</indexColumnUsage>
</ind_PK_UK>
<ind_PK_UK id="638248F6-D794-B58C-425F-F44D1B7E6EBB" name="RESIDENTE_PERSONA_FK">
<createdBy>Marcelo Bernabé</createdBy>
<createdTime>2025-08-31 22:34:11 UTC</createdTime>
<generatorID>999AA980-8910-4608-9845-C04CE7286307</generatorID>
<ownerDesignName>Entrega semana 3 BDD</ownerDesignName>
<indexState>Foreign Key</indexState>
<isSurrogateKey>false</isSurrogateKey>
<indexColumnUsage>
<colUsage columnID="DDE6215F-BBF5-B6BE-AE82-73DB4D451EC0"/>
</indexColumnUsage>
</ind_PK_UK>
<ind_PK_UK id="6605CC06-A157-5100-A3A0-EFB341443C81" name="RESIDENTE_ANEXO_FK">
<createdBy>Marcelo Bernabé</createdBy>
<createdTime>2025-08-31 22:34:11 UTC</createdTime>
<generatorID>1CE82130-BE79-1134-3956-5529CAE8F424</generatorID>
<ownerDesignName>Entrega semana 3 BDD</ownerDesignName>
<indexState>Foreign Key</indexState>
<isSurrogateKey>false</isSurrogateKey>
<indexColumnUsage>
<colUsage columnID="40E726DF-3E87-EA03-DF8B-D0CA2E871077"/>
</indexColumnUsage>
</ind_PK_UK>
<ind_PK_UK id="95C166A1-2924-6F7E-D6AD-86BEFFCEA4A9" name="RESIDENTE_HABITACION_FK">
<createdBy>Marcelo Bernabé</createdBy>
<createdTime>2025-08-31 22:34:11 UTC</createdTime>
<generatorID>EECFB0C9-79E2-D9E9-2C4C-EB403AA62E38</generatorID>
<ownerDesignName>Entrega semana 3 BDD</ownerDesignName>
<indexState>Foreign Key</indexState>
<isSurrogateKey>false</isSurrogateKey>
<indexColumnUsage>
<colUsage columnID="73942CEA-75B7-EA72-E320-B3EEF2786A5A"/>
</indexColumnUsage>
</ind_PK_UK>
</indexes>
</Table>