<?xml version = '1.0' encoding = 'UTF-8'?>
<Table class="oracle.dbtools.crest.model.design.relational.Table" directorySegmentName="seg_0" id="B4425131-34E4-A60B-B94D-1F7D2C702380" name="PERSONAL">
<createdBy>Marcelo Bernabé</createdBy>
<createdTime>2025-08-31 22:34:11 UTC</createdTime>
<generatorID>181C938B-67BC-C2C2-A177-174040B67312</generatorID>
<ownerDesignName>Entrega semana 3 BDD</ownerDesignName>
<allowColumnReorder>false</allowColumnReorder>
<existDependencyGenerateInDDl>true</existDependencyGenerateInDDl>
<parsed>true</parsed>
<columns itemClass="oracle.dbtools.crest.model.design.relational.Column">
<Column name="rut" id="163779B6-0B71-0E27-4E14-8B5E3A514C88">
<createdBy>Marcelo Bernabé</createdBy>
<createdTime>2025-08-31 22:34:11 UTC</createdTime>
<generatorID>3E311197-D095-2899-EE7B-4CC685227592</generatorID>
<ownerDesignName>Entrega semana 3 BDD</ownerDesignName>
<useDomainConstraints>false</useDomainConstraints>
<use>1</use>
<logicalDatatype>LOGDT024</logicalDatatype>
<dataTypeSize>12</dataTypeSize>
<ownDataTypeParameters>,,</ownDataTypeParameters>
<autoIncrementCycle>false</autoIncrementCycle>
<associations>
<colAssociation fkAssociation="CD4943D0-2BF7-1260-7C4A-4EE431A7FF06" referredColumn="5206FE27-D3E9-5B09-3CE5-2118FBC6E285"/>
</associations>
</Column>
<Column name="fecha_ingreso" id="6DFCEF41-C718-54FA-C011-009BD5898FDC">
<createdBy>Marcelo Bernabé</createdBy>
<createdTime>2025-08-31 22:34:11 UTC</createdTime>
<generatorID>1F35D9C4-ACD6-40B8-F5CB-2C6EE35A8F08</generatorID>
<ownerDesignName>Entrega semana 3 BDD</ownerDesignName>
<useDomainConstraints>false</useDomainConstraints>
<use>1</use>
<logicalDatatype>LOGDT007</logicalDatatype>
<ownDataTypeParameters>,,</ownDataTypeParameters>
<autoIncrementCycle>false</autoIncrementCycle>
</Column>
</columns>
<indexes itemClass="oracle.dbtools.crest.model.design.relational.Index">
<ind_PK_UK id="07835B45-6D70-FD96-7923-FAC4E590E70E" name="PERSONAL_PK">
<createdBy>Marcelo Bernabé</createdBy>
<createdTime>2025-08-31 22:34:11 UTC</createdTime>
<generatorID>3B56CAB4-AC02-76A7-AC5A-F8F8936CE4EF</generatorID>
<ownerDesignName>Entrega semana 3 BDD</ownerDesignName>
<pk>true</pk>
<indexState>Primary Constraint</indexState>
<isSurrogateKey>false</isSurrogateKey>
<indexColumnUsage>
<colUsage columnID="163779B6-0B71-0E27-4E14-8B5E3A514C88"/>
</indexColumnUsage>
</ind_PK_UK>
<ind_PK_UK id="A6AB9A60-B2B1-B3DC-7334-D3A0A6DBA1E8" name="PERSONAL_PERSONA_FK">
<createdBy>Marcelo Bernabé</createdBy>
<createdTime>2025-08-31 22:34:11 UTC</createdTime>
<generatorID>D88B4936-ACA2-F2E9-B882-E496B0D9D508</generatorID>
<ownerDesignName>Entrega semana 3 BDD</ownerDesignName>
<indexState>Foreign Key</indexState>
<isSurrogateKey>false</isSurrogateKey>
<indexColumnUsage>
<colUsage columnID="163779B6-0B71-0E27-4E14-8B5E3A514C88"/>
</indexColumnUsage>
</ind_PK_UK>
</indexes>
</Table>