<?xml version = '1.0' encoding = 'UTF-8'?>
<Table class="oracle.dbtools.crest.model.design.relational.Table" directorySegmentName="seg_0" id="CD4D9194-EF7E-903A-957B-36E45BA1CEC2" name="ANEXO">
<createdBy>Marcelo Bernabé</createdBy>
<createdTime>2025-08-31 22:34:10 UTC</createdTime>
<generatorID>FB3D9A14-AB59-7B11-7F4F-ECB64FBC7460</generatorID>
<ownerDesignName>Entrega semana 3 BDD</ownerDesignName>
<allowColumnReorder>false</allowColumnReorder>
<existDependencyGenerateInDDl>true</existDependencyGenerateInDDl>
<parsed>true</parsed>
<columns itemClass="oracle.dbtools.crest.model.design.relational.Column">
<Column name="anexo_id" id="5330DA64-D06B-4B41-E82A-74BF57930885">
<createdBy>Marcelo Bernabé</createdBy>
<createdTime>2025-08-31 22:34:10 UTC</createdTime>
<generatorID>788FCDEC-E8F5-C65D-BC44-D3E8ABD9CC83</generatorID>
<ownerDesignName>Entrega semana 3 BDD</ownerDesignName>
<useDomainConstraints>false</useDomainConstraints>
<use>1</use>
<logicalDatatype>LOGDT024</logicalDatatype>
<dataTypeSize>12</dataTypeSize>
<ownDataTypeParameters>12,,</ownDataTypeParameters>
<autoIncrementCycle>false</autoIncrementCycle>
</Column>
<Column name="fecha_inicio_estadia" id="04908C9C-5CEB-AA12-7C4C-2A5D69E2E030">
<createdBy>Marcelo Bernabé</createdBy>
<createdTime>2025-08-31 22:34:10 UTC</createdTime>
<generatorID>C0C4EDCE-A222-D087-8E50-1A615E01B685</generatorID>
<ownerDesignName>Entrega semana 3 BDD</ownerDesignName>
<useDomainConstraints>false</useDomainConstraints>
<use>1</use>
<logicalDatatype>LOGDT007</logicalDatatype>
<ownDataTypeParameters>,,</ownDataTypeParameters>
<autoIncrementCycle>false</autoIncrementCycle>
</Column>
<Column name="fecha_termino_estadia" id="DF48E510-CB99-8142-E308-1207A4419FF7">
<createdBy>Marcelo Bernabé</createdBy>
<createdTime>2025-08-31 22:34:10 UTC</createdTime>
<generatorID>6EEAA8FC-447F-4CAF-ED59-6EBE80354B93</generatorID>
<ownerDesignName>Entrega semana 3 BDD</ownerDesignName>
<useDomainConstraints>false</useDomainConstraints>
<use>1</use>
<logicalDatatype>LOGDT007</logicalDatatype>
<ownDataTypeParameters>,,</ownDataTypeParameters>
<autoIncrementCycle>false</autoIncrementCycle>
</Column>
<Column name="observaciones" id="DC470C76-3207-D9F9-9D16-ECA24C550633">
<createdBy>Marcelo Bernabé</createdBy>
<createdTime>2025-08-31 22:34:10 UTC</createdTime>
<generatorID>E5B6EE66-E27C-FED5-E06C-CB2E03A12F1B</generatorID>
<ownerDesignName>Entrega semana 3 BDD</ownerDesignName>
<nullsAllowed>true</nullsAllowed>
<useDomainConstraints>false</useDomainConstraints>
<use>1</use>
<logicalDatatype>LOGDT024</logicalDatatype>
<dataTypeSize>500</dataTypeSize>
<ownDataTypeParameters>500,,</ownDataTypeParameters>
<autoIncrementCycle>false</autoIncrementCycle>
</Column>
<Column name="CONTRATO_contrato_id" id="041045FB-4E31-C3E3-9737-7B6E6256951D">
<createdBy>Marcelo Bernabé</createdBy>
<createdTime>2025-08-31 22:34:10 UTC</createdTime>
<generatorID>C77E2575-C23C-D1B3-88FF-0B5245EC8238</generatorID>
<ownerDesignName>Entrega semana 3 BDD</ownerDesignName>
<useDomainConstraints>false</useDomainConstraints>
<use>1</use>
<logicalDatatype>LOGDT024</logicalDatatype>
<dataTypeSize>12</dataTypeSize>
<ownDataTypeParameters>,,</ownDataTypeParameters>
<previousColumn>false</previousColumn>
<autoIncrementCycle>false</autoIncrementCycle>
<associations>
<colAssociation fkAssociation="310B75B6-D8CC-85C5-2EF1-A1EEE57D84F6" referredColumn="763E4D1E-3CC2-C571-A7DA-D8704CE06829"/>
</associations>
</Column>
<Column name="RESIDENTE_rut" id="BF45B221-50B8-F4CC-1030-8F5BCDA5D1CF">
<createdBy>Marcelo Bernabé</createdBy>
<createdTime>2025-08-31 22:34:10 UTC</createdTime>
<generatorID>622E389A-1F86-B7F9-0C6D-605C06BB0A97</generatorID>
<ownerDesignName>Entrega semana 3 BDD</ownerDesignName>
<useDomainConstraints>false</useDomainConstraints>
<use>1</use>
<logicalDatatype>LOGDT024</logicalDatatype>
<dataTypeSize>12</dataTypeSize>
<ownDataTypeParameters>,,</ownDataTypeParameters>
<previousColumn>false</previousColumn>
<autoIncrementCycle>false</autoIncrementCycle>
<associations>
<colAssociation fkAssociation="25206182-BD67-3CA3-5E4F-90D502CE331E" referredColumn="DDE6215F-BBF5-B6BE-AE82-73DB4D451EC0"/>
</associations>
</Column>
</columns>
<indexes itemClass="oracle.dbtools.crest.model.design.relational.Index">
<ind_PK_UK id="25C4C472-A7A2-8EB6-EF8D-56F699E3353F" name="ANEXO_PK">
<createdBy>Marcelo Bernabé</createdBy>
<createdTime>2025-08-31 22:34:10 UTC</createdTime>
<generatorID>F0BA43C0-96A6-E92D-A605-623C1EE89039</generatorID>
<ownerDesignName>Entrega semana 3 BDD</ownerDesignName>
<pk>true</pk>
<indexState>Primary Constraint</indexState>
<isSurrogateKey>false</isSurrogateKey>
<indexColumnUsage>
<colUsage columnID="5330DA64-D06B-4B41-E82A-74BF57930885"/>
</indexColumnUsage>
</ind_PK_UK>
<ind_PK_UK id="AD7B6E68-5A87-F596-1659-7503D1673B52" name="ANEXO__IDX">
<createdBy>Marcelo Bernabé</createdBy>
<createdTime>2025-08-31 22:34:11 UTC</createdTime>
<ownerDesignName>Entrega semana 3 BDD</ownerDesignName>
<indexState>Unique Plain Index</indexState>
<isSurrogateKey>false</isSurrogateKey>
<relationGeneratorID>1CE82130-BE79-1134-3956-5529CAE8F424</relationGeneratorID>
<indexColumnUsage>
<colUsage columnID="BF45B221-50B8-F4CC-1030-8F5BCDA5D1CF"/>
</indexColumnUsage>
</ind_PK_UK>
<ind_PK_UK id="4A64F7A8-868E-EE2A-D8AF-C8A0D9703379" name="ANEXO_CONTRATO_FK">
<createdBy>Marcelo Bernabé</createdBy>
<createdTime>2025-08-31 22:34:11 UTC</createdTime>
<generatorID>383B4310-23D6-21D1-DCDF-F5FD1307298C</generatorID>
<ownerDesignName>Entrega semana 3 BDD</ownerDesignName>
<indexState>Foreign Key</indexState>
<isSurrogateKey>false</isSurrogateKey>
<indexColumnUsage>
<colUsage columnID="041045FB-4E31-C3E3-9737-7B6E6256951D"/>
</indexColumnUsage>
</ind_PK_UK>
<ind_PK_UK id="AD52BCFB-9F75-C6F4-070E-2FA31E1DC96F" name="ANEXO_RESIDENTE_FK">
<createdBy>Marcelo Bernabé</createdBy>
<createdTime>2025-08-31 22:41:35 UTC</createdTime>
<generatorID>1CE82130-BE79-1134-3956-5529CAE8F424</generatorID>
<ownerDesignName>Entrega semana 3 BDD</ownerDesignName>
<indexState>Foreign Key</indexState>
<isSurrogateKey>false</isSurrogateKey>
<indexColumnUsage>
<colUsage columnID="BF45B221-50B8-F4CC-1030-8F5BCDA5D1CF"/>
</indexColumnUsage>
</ind_PK_UK>
</indexes>
</Table>