<?xml version = '1.0' encoding = 'UTF-8'?>
<Table class="oracle.dbtools.crest.model.design.relational.Table" directorySegmentName="seg_0" id="EB384143-86F7-EE91-F019-67FE410DA286" name="RESIDENCIA">
<createdBy>Marcelo Bernabé</createdBy>
<createdTime>2025-08-31 22:34:11 UTC</createdTime>
<generatorID>9A5D1BF3-0204-5CBA-85B9-3FCA224FAE18</generatorID>
<ownerDesignName>Entrega semana 3 BDD</ownerDesignName>
<allowColumnReorder>false</allowColumnReorder>
<existDependencyGenerateInDDl>true</existDependencyGenerateInDDl>
<parsed>true</parsed>
<columns itemClass="oracle.dbtools.crest.model.design.relational.Column">
<Column name="id_residencia" id="515284E3-F11C-69FB-8268-D5B29358E229">
<createdBy>Marcelo Bernabé</createdBy>
<createdTime>2025-08-31 22:34:11 UTC</createdTime>
<generatorID>9D9DDF59-CFF0-2A8D-C9D3-00B3E6E5A9D8</generatorID>
<ownerDesignName>Entrega semana 3 BDD</ownerDesignName>
<useDomainConstraints>false</useDomainConstraints>
<use>1</use>
<logicalDatatype>LOGDT024</logicalDatatype>
<dataTypeSize>12</dataTypeSize>
<ownDataTypeParameters>12,,</ownDataTypeParameters>
<autoIncrementCycle>false</autoIncrementCycle>
</Column>
<Column name="nombre" id="7D37CEDB-220F-5021-4FBA-62DCFD80D76B">
<createdBy>Marcelo Bernabé</createdBy>
<createdTime>2025-08-31 22:34:11 UTC</createdTime>
<generatorID>6175B915-D067-F619-019A-94DA405EEBAA</generatorID>
<ownerDesignName>Entrega semana 3 BDD</ownerDesignName>
<useDomainConstraints>false</useDomainConstraints>
<use>1</use>
<logicalDatatype>LOGDT024</logicalDatatype>
<dataTypeSize>100</dataTypeSize>
<ownDataTypeParameters>100,,</ownDataTypeParameters>
<autoIncrementCycle>false</autoIncrementCycle>
</Column>
<Column name="direccion" id="A734D2F1-E6AD-CE51-5655-CC747F70000F">
<createdBy>Marcelo Bernabé</createdBy>
<createdTime>2025-08-31 22:34:11 UTC</createdTime>
<generatorID>FA0BA8BA-B26F-D65C-F8CA-42B79E48A335</generatorID>
<ownerDesignName>Entrega semana 3 BDD</ownerDesignName>
<useDomainConstraints>false</useDomainConstraints>
<use>1</use>
<logicalDatatype>LOGDT024</logicalDatatype>
<dataTypeSize>100</dataTypeSize>
<ownDataTypeParameters>100,,</ownDataTypeParameters>
<autoIncrementCycle>false</autoIncrementCycle>
</Column>
<Column name="comunca" id="48696432-705B-A815-D496-A3F669919750">
<createdBy>Marcelo Bernabé</createdBy>
<createdTime>2025-08-31 22:34:11 UTC</createdTime>
<generatorID>79CA98BA-FD5B-CE27-1624-D2D8D4CE6111</generatorID>
<ownerDesignName>Entrega semana 3 BDD</ownerDesignName>
<useDomainConstraints>false</useDomainConstraints>
<use>1</use>
<logicalDatatype>LOGDT024</logicalDatatype>
<dataTypeSize>50</dataTypeSize>
<ownDataTypeParameters>50,,</ownDataTypeParameters>
<autoIncrementCycle>false</autoIncrementCycle>
</Column>
</columns>
<indexes itemClass="oracle.dbtools.crest.model.design.relational.Index">
<ind_PK_UK id="E7F142A4-E10A-605E-5FFB-F116040040CD" name="RESIDENCIA_PK">
<createdBy>Marcelo Bernabé</createdBy>
<createdTime>2025-08-31 22:34:11 UTC</createdTime>
<generatorID>5461B6FC-F36D-43EF-F649-B55302376964</generatorID>
<ownerDesignName>Entrega semana 3 BDD</ownerDesignName>
<pk>true</pk>
<indexState>Primary Constraint</indexState>
<isSurrogateKey>false</isSurrogateKey>
<indexColumnUsage>
<colUsage columnID="515284E3-F11C-69FB-8268-D5B29358E229"/>
</indexColumnUsage>
</ind_PK_UK>
</indexes>
</Table>