<?xml version = '1.0' encoding = 'UTF-8'?>
<FKArc class="oracle.dbtools.crest.model.design.relational.FKArc" directorySegmentName="seg_0" id="79477818-E482-823C-7CF6-ACAFB8947358" name="FKArc_1">
<createdBy>Marcelo Bernabé</createdBy>
<createdTime>2025-08-22 21:14:41 UTC</createdTime>
<ownerDesignName>Entrega semana 2 BDD</ownerDesignName>
<mandatory>false</mandatory>
<reverseArc>true</reverseArc>
<table>7C99F8C2-F345-919A-7B85-30B20CFA93EA</table>
<fkeys>
<fkeyID>CC31241B-1A7A-33E9-E140-D3D54E8B50F5</fkeyID>
<fkeyID>2AC8685B-7A6E-6D12-D146-2F12AD309FB6</fkeyID>
</fkeys>
</FKArc>