<?xml version = '1.0' encoding = 'UTF-8'?>
<FKIndexAssociation class="oracle.dbtools.crest.model.design.relational.FKIndexAssociation" directorySegmentName="seg_0" id="25206182-BD67-3CA3-5E4F-90D502CE331E" containerWithKeyObject="CD4D9194-EF7E-903A-957B-36E45BA1CEC2" localFKIndex="AD52BCFB-9F75-C6F4-070E-2FA31E1DC96F" name="ANEXO_RESIDENTE_FK">
<createdBy>Marcelo Bernabé</createdBy>
<createdTime>2025-08-31 22:41:35 UTC</createdTime>
<generatorID>1CE82130-BE79-1134-3956-5529CAE8F424</generatorID>
<ownerDesignName>Entrega semana 3 BDD</ownerDesignName>
<referredTableLongName>RESIDENTE</referredTableLongName>
<deleteRule>NO ACTION</deleteRule>
<referredTableID>7D508CE4-3A37-D49C-9A21-B85CCD32AFD0</referredTableID>
<keyObject>0DD9413F-30DF-0B78-C5C3-D39BE29F872A</keyObject>
<referredKeyID>0DD9413F-30DF-0B78-C5C3-D39BE29F872A</referredKeyID>
<mandatory>true</mandatory>
<refColNames>rut</refColNames>
<transferable>true</transferable>
<rely>false</rely>
<columnDependencyConstraintGenerateInDDL>true</columnDependencyConstraintGenerateInDDL>
</FKIndexAssociation>