<?xml version = '1.0' encoding = 'UTF-8'?>
<FKIndexAssociation class="oracle.dbtools.crest.model.design.relational.FKIndexAssociation" directorySegmentName="seg_0" id="310B75B6-D8CC-85C5-2EF1-A1EEE57D84F6" containerWithKeyObject="CD4D9194-EF7E-903A-957B-36E45BA1CEC2" localFKIndex="4A64F7A8-868E-EE2A-D8AF-C8A0D9703379" name="ANEXO_CONTRATO_FK">
<createdBy>Marcelo Bernabé</createdBy>
<createdTime>2025-08-31 22:34:11 UTC</createdTime>
<generatorID>383B4310-23D6-21D1-DCDF-F5FD1307298C</generatorID>
<ownerDesignName>Entrega semana 3 BDD</ownerDesignName>
<referredTableLongName>CONTRATO</referredTableLongName>
<deleteRule>NO ACTION</deleteRule>
<referredTableID>DE7DC58A-BEBE-6AB7-AFF3-F9320AFCBDCD</referredTableID>
<keyObject>847CB8AC-EB48-E532-5596-2A5EF8460D16</keyObject>
<referredKeyID>847CB8AC-EB48-E532-5596-2A5EF8460D16</referredKeyID>
<mandatory>true</mandatory>
<refColNames>contrato_id</refColNames>
<transferable>true</transferable>
<rely>false</rely>
<columnDependencyConstraintGenerateInDDL>true</columnDependencyConstraintGenerateInDDL>
</FKIndexAssociation>