<?xml version = '1.0' encoding = 'UTF-8'?>
<FKIndexAssociation class="oracle.dbtools.crest.model.design.relational.FKIndexAssociation" directorySegmentName="seg_0" id="32EA53CD-36C2-A71E-82E2-E2F67BD47C90" containerWithKeyObject="7D508CE4-3A37-D49C-9A21-B85CCD32AFD0" localFKIndex="638248F6-D794-B58C-425F-F44D1B7E6EBB" name="RESIDENTE_PERSONA_FK">
<createdBy>Marcelo Bernabé</createdBy>
<createdTime>2025-08-31 22:34:11 UTC</createdTime>
<generatorID>999AA980-8910-4608-9845-C04CE7286307</generatorID>
<ownerDesignName>Entrega semana 3 BDD</ownerDesignName>
<referredTableLongName>PERSONA</referredTableLongName>
<arc>591B8372-4CCB-E58A-67D8-4805225BEC33</arc>
<deleteRule>NO ACTION</deleteRule>
<referredTableID>71A9245C-3918-243C-2F04-64857026FDE0</referredTableID>
<keyObject>C5E4C4DA-C968-3EE4-E761-B86F97A8EC09</keyObject>
<referredKeyID>C5E4C4DA-C968-3EE4-E761-B86F97A8EC09</referredKeyID>
<mandatory>true</mandatory>
<refColNames>rut</refColNames>
<transferable>true</transferable>
<rely>false</rely>
<columnDependencyConstraintGenerateInDDL>true</columnDependencyConstraintGenerateInDDL>
</FKIndexAssociation>