<?xml version = '1.0' encoding = 'UTF-8'?>
<FKIndexAssociation class="oracle.dbtools.crest.model.design.relational.FKIndexAssociation" directorySegmentName="seg_0" id="3D549797-0B42-25D6-3BB7-6040CA2FC5EE" containerWithKeyObject="2B769BE2-AB90-0DF0-068F-A3F9187AB934" localFKIndex="0CB42959-C6C7-9A64-C5C9-DF4E18D75C10" name="HABITACION_RESIDENCIA_FK">
<createdBy>Marcelo Bernabé</createdBy>
<createdTime>2025-08-31 22:34:11 UTC</createdTime>
<generatorID>C9CD9C10-3702-5C3D-00DE-AC937CDE4BE2</generatorID>
<ownerDesignName>Entrega semana 3 BDD</ownerDesignName>
<referredTableLongName>RESIDENCIA</referredTableLongName>
<deleteRule>NO ACTION</deleteRule>
<referredTableID>EB384143-86F7-EE91-F019-67FE410DA286</referredTableID>
<keyObject>E7F142A4-E10A-605E-5FFB-F116040040CD</keyObject>
<referredKeyID>E7F142A4-E10A-605E-5FFB-F116040040CD</referredKeyID>
<mandatory>true</mandatory>
<refColNames>id_residencia</refColNames>
<transferable>true</transferable>
<rely>false</rely>
<columnDependencyConstraintGenerateInDDL>true</columnDependencyConstraintGenerateInDDL>
</FKIndexAssociation>