<?xml version = '1.0' encoding = 'UTF-8'?>
<FKIndexAssociation class="oracle.dbtools.crest.model.design.relational.FKIndexAssociation" directorySegmentName="seg_0" id="71D59F29-67FC-FEBF-0C0B-1B3A5F0E5470" containerWithKeyObject="7D508CE4-3A37-D49C-9A21-B85CCD32AFD0" localFKIndex="6605CC06-A157-5100-A3A0-EFB341443C81" name="RESIDENTE_ANEXO_FK">
<createdBy>Marcelo Bernabé</createdBy>
<createdTime>2025-08-31 22:34:11 UTC</createdTime>
<generatorID>1CE82130-BE79-1134-3956-5529CAE8F424</generatorID>
<ownerDesignName>Entrega semana 3 BDD</ownerDesignName>
<referredTableLongName>ANEXO</referredTableLongName>
<deleteRule>NO ACTION</deleteRule>
<referredTableID>CD4D9194-EF7E-903A-957B-36E45BA1CEC2</referredTableID>
<keyObject>25C4C472-A7A2-8EB6-EF8D-56F699E3353F</keyObject>
<referredKeyID>25C4C472-A7A2-8EB6-EF8D-56F699E3353F</referredKeyID>
<mandatory>true</mandatory>
<refColNames>anexo_id</refColNames>
<transferable>true</transferable>
<rely>false</rely>
<columnDependencyConstraintGenerateInDDL>true</columnDependencyConstraintGenerateInDDL>
</FKIndexAssociation>