<?xml version = '1.0' encoding = 'UTF-8'?>
<FKIndexAssociation class="oracle.dbtools.crest.model.design.relational.FKIndexAssociation" directorySegmentName="seg_0" id="71DF6E4C-B463-6FC8-095F-FAE890C18B0E" containerWithKeyObject="71A9245C-3918-243C-2F04-64857026FDE0" localFKIndex="54E7591C-424D-24EE-AA75-061EB50D3231" name="PERSONA_RESIDENCIA_FK">
<createdBy>Marcelo Bernabé</createdBy>
<createdTime>2025-08-31 22:34:11 UTC</createdTime>
<generatorID>49A596FA-53BD-D9F4-E2C1-49A584855614</generatorID>
<ownerDesignName>Entrega semana 3 BDD</ownerDesignName>
<referredTableLongName>RESIDENCIA</referredTableLongName>
<deleteRule>NO ACTION</deleteRule>
<referredTableID>EB384143-86F7-EE91-F019-67FE410DA286</referredTableID>
<keyObject>E7F142A4-E10A-605E-5FFB-F116040040CD</keyObject>
<referredKeyID>E7F142A4-E10A-605E-5FFB-F116040040CD</referredKeyID>
<mandatory>true</mandatory>
<refColNames>id_residencia</refColNames>
<transferable>true</transferable>
<rely>false</rely>
<columnDependencyConstraintGenerateInDDL>true</columnDependencyConstraintGenerateInDDL>
</FKIndexAssociation>