<?xml version = '1.0' encoding = 'UTF-8'?>
<FKIndexAssociation class="oracle.dbtools.crest.model.design.relational.FKIndexAssociation" directorySegmentName="seg_0" id="88FBDF53-B1CB-F7EF-9B31-A3E33F8C8FD4" containerWithKeyObject="0E36C19F-1A87-DE93-CB5B-A6E20C2C7D71" localFKIndex="23C1A0D1-65B9-7417-93C7-FA9242C94B18" name="MEDICO_MEDICO_FK">
<createdBy>Marcelo Bernabé</createdBy>
<createdTime>2025-08-31 22:34:11 UTC</createdTime>
<generatorID>CCBA6AD9-96F8-CF2E-2671-705477F9DF76</generatorID>
<ownerDesignName>Entrega semana 3 BDD</ownerDesignName>
<referredTableLongName>MEDICO</referredTableLongName>
<deleteRule>NO ACTION</deleteRule>
<referredTableID>0E36C19F-1A87-DE93-CB5B-A6E20C2C7D71</referredTableID>
<keyObject>73B838B1-E202-B3D6-4CDA-37E203AAF60F</keyObject>
<referredKeyID>73B838B1-E202-B3D6-4CDA-37E203AAF60F</referredKeyID>
<mandatory>false</mandatory>
<refColNames>rut</refColNames>
<transferable>true</transferable>
<rely>false</rely>
<columnDependencyConstraintGenerateInDDL>true</columnDependencyConstraintGenerateInDDL>
</FKIndexAssociation>