<?xml version = '1.0' encoding = 'UTF-8'?>
<FKIndexAssociation class="oracle.dbtools.crest.model.design.relational.FKIndexAssociation" directorySegmentName="seg_0" id="CD4943D0-2BF7-1260-7C4A-4EE431A7FF06" containerWithKeyObject="B4425131-34E4-A60B-B94D-1F7D2C702380" localFKIndex="A6AB9A60-B2B1-B3DC-7334-D3A0A6DBA1E8" name="PERSONAL_PERSONA_FK">
<createdBy>Marcelo Bernabé</createdBy>
<createdTime>2025-08-31 22:34:11 UTC</createdTime>
<generatorID>D88B4936-ACA2-F2E9-B882-E496B0D9D508</generatorID>
<ownerDesignName>Entrega semana 3 BDD</ownerDesignName>
<referredTableLongName>PERSONA</referredTableLongName>
<arc>591B8372-4CCB-E58A-67D8-4805225BEC33</arc>
<deleteRule>NO ACTION</deleteRule>
<referredTableID>71A9245C-3918-243C-2F04-64857026FDE0</referredTableID>
<keyObject>C5E4C4DA-C968-3EE4-E761-B86F97A8EC09</keyObject>
<referredKeyID>C5E4C4DA-C968-3EE4-E761-B86F97A8EC09</referredKeyID>
<mandatory>true</mandatory>
<refColNames>rut</refColNames>
<transferable>true</transferable>
<rely>false</rely>
<columnDependencyConstraintGenerateInDDL>true</columnDependencyConstraintGenerateInDDL>
</FKIndexAssociation>