<?xml version = '1.0' encoding = 'UTF-8'?>
<FKIndexAssociation class="oracle.dbtools.crest.model.design.relational.FKIndexAssociation" directorySegmentName="seg_0" id="D19EEFF3-A233-C0A3-EAA6-08FB6DDB2E92" containerWithKeyObject="DE7DC58A-BEBE-6AB7-AFF3-F9320AFCBDCD" localFKIndex="3BB16961-1B2C-677D-8F64-F08E4EBAEB88" name="CONTRATO_APODERADO_FK">
<createdBy>Marcelo Bernabé</createdBy>
<createdTime>2025-08-31 22:34:11 UTC</createdTime>
<generatorID>3D020B0B-2CE2-4FD0-F055-82CFADD9BF01</generatorID>
<ownerDesignName>Entrega semana 3 BDD</ownerDesignName>
<referredTableLongName>APODERADO</referredTableLongName>
<deleteRule>NO ACTION</deleteRule>
<referredTableID>32369F66-C1AD-583F-5C27-0C090C6F7736</referredTableID>
<keyObject>E6037D28-D9A4-8D30-485A-BB4F34F237D2</keyObject>
<referredKeyID>E6037D28-D9A4-8D30-485A-BB4F34F237D2</referredKeyID>
<mandatory>true</mandatory>
<refColNames>rut</refColNames>
<transferable>true</transferable>
<rely>false</rely>
<columnDependencyConstraintGenerateInDDL>true</columnDependencyConstraintGenerateInDDL>
</FKIndexAssociation>