<?xml version = '1.0' encoding = 'UTF-8'?>
<FKIndexAssociation class="oracle.dbtools.crest.model.design.relational.FKIndexAssociation" directorySegmentName="seg_0" id="D4E3A71B-F52A-7CBE-4B33-C7EA957353CB" containerWithKeyObject="0E36C19F-1A87-DE93-CB5B-A6E20C2C7D71" localFKIndex="6A538600-79F0-7406-FDEC-790C2392CBAC" name="MEDICO_PERSONAL_FK">
<createdBy>Marcelo Bernabé</createdBy>
<createdTime>2025-08-31 22:34:11 UTC</createdTime>
<generatorID>CB6866A8-FB69-A3BC-2E79-39B7648CEFFF</generatorID>
<ownerDesignName>Entrega semana 3 BDD</ownerDesignName>
<referredTableLongName>PERSONAL</referredTableLongName>
<arc>66445D56-B6EF-2A71-D2A4-C3CC9874DE7F</arc>
<deleteRule>NO ACTION</deleteRule>
<referredTableID>B4425131-34E4-A60B-B94D-1F7D2C702380</referredTableID>
<keyObject>07835B45-6D70-FD96-7923-FAC4E590E70E</keyObject>
<referredKeyID>07835B45-6D70-FD96-7923-FAC4E590E70E</referredKeyID>
<mandatory>true</mandatory>
<refColNames>rut</refColNames>
<transferable>true</transferable>
<rely>false</rely>
<columnDependencyConstraintGenerateInDDL>true</columnDependencyConstraintGenerateInDDL>
</FKIndexAssociation>