<?xml version = '1.0' encoding = 'UTF-8'?>
<FKIndexAssociation class="oracle.dbtools.crest.model.design.relational.FKIndexAssociation" directorySegmentName="seg_0" id="DB98BBF6-D2D7-4CE1-4D99-B4B978C0D581" containerWithKeyObject="32369F66-C1AD-583F-5C27-0C090C6F7736" localFKIndex="308128E5-20B8-6AA0-54D3-83B4E4EF4315" name="APODERADO_PERSONA_FK">
<createdBy>Marcelo Bernabé</createdBy>
<createdTime>2025-08-31 22:34:11 UTC</createdTime>
<generatorID>14C7D5AE-F4CC-7C9D-B900-96417B41B01F</generatorID>
<ownerDesignName>Entrega semana 3 BDD</ownerDesignName>
<referredTableLongName>PERSONA</referredTableLongName>
<arc>591B8372-4CCB-E58A-67D8-4805225BEC33</arc>
<deleteRule>NO ACTION</deleteRule>
<referredTableID>71A9245C-3918-243C-2F04-64857026FDE0</referredTableID>
<keyObject>C5E4C4DA-C968-3EE4-E761-B86F97A8EC09</keyObject>
<referredKeyID>C5E4C4DA-C968-3EE4-E761-B86F97A8EC09</referredKeyID>
<mandatory>true</mandatory>
<refColNames>rut</refColNames>
<transferable>true</transferable>
<rely>false</rely>
<columnDependencyConstraintGenerateInDDL>true</columnDependencyConstraintGenerateInDDL>
</FKIndexAssociation>