<?xml version = '1.0' encoding = 'UTF-8'?>
<FKIndexAssociation class="oracle.dbtools.crest.model.design.relational.FKIndexAssociation" directorySegmentName="seg_0" id="F6579418-28F8-7A74-B89B-F1FBD92DC4F5" containerWithKeyObject="7D508CE4-3A37-D49C-9A21-B85CCD32AFD0" localFKIndex="95C166A1-2924-6F7E-D6AD-86BEFFCEA4A9" name="RESIDENTE_HABITACION_FK">
<createdBy>Marcelo Bernabé</createdBy>
<createdTime>2025-08-31 22:34:11 UTC</createdTime>
<generatorID>EECFB0C9-79E2-D9E9-2C4C-EB403AA62E38</generatorID>
<ownerDesignName>Entrega semana 3 BDD</ownerDesignName>
<referredTableLongName>HABITACION</referredTableLongName>
<deleteRule>NO ACTION</deleteRule>
<referredTableID>2B769BE2-AB90-0DF0-068F-A3F9187AB934</referredTableID>
<keyObject>066A7AE7-9340-B4CE-EB63-EE03DC27372A</keyObject>
<referredKeyID>066A7AE7-9340-B4CE-EB63-EE03DC27372A</referredKeyID>
<mandatory>true</mandatory>
<refColNames>id_habitacion</refColNames>
<transferable>true</transferable>
<rely>false</rely>
<columnDependencyConstraintGenerateInDDL>true</columnDependencyConstraintGenerateInDDL>
</FKIndexAssociation>