<?xml version = '1.0' encoding = 'UTF-8'?>
<FKIndexAssociation class="oracle.dbtools.crest.model.design.relational.FKIndexAssociation" directorySegmentName="seg_0" id="FE2948D6-718F-B11A-D5CF-3E6399C6F151" containerWithKeyObject="5D2E2F2A-E36F-A992-A91B-BA27FC17295D" localFKIndex="444B5CDB-8E24-D6A7-59CC-3FF7A164515E" name="CUIDADOR_PERSONAL_FK">
<createdBy>Marcelo Bernabé</createdBy>
<createdTime>2025-08-31 22:34:11 UTC</createdTime>
<generatorID>87E43019-3072-2EF8-6D57-00E5B8BBA3DB</generatorID>
<ownerDesignName>Entrega semana 3 BDD</ownerDesignName>
<referredTableLongName>PERSONAL</referredTableLongName>
<arc>66445D56-B6EF-2A71-D2A4-C3CC9874DE7F</arc>
<deleteRule>NO ACTION</deleteRule>
<referredTableID>B4425131-34E4-A60B-B94D-1F7D2C702380</referredTableID>
<keyObject>07835B45-6D70-FD96-7923-FAC4E590E70E</keyObject>
<referredKeyID>07835B45-6D70-FD96-7923-FAC4E590E70E</referredKeyID>
<mandatory>true</mandatory>
<refColNames>rut</refColNames>
<transferable>true</transferable>
<rely>false</rely>
<columnDependencyConstraintGenerateInDDL>true</columnDependencyConstraintGenerateInDDL>
</FKIndexAssociation>