<?xml version = '1.0' encoding = 'UTF-8'?>
<Diagram class="oracle.dbtools.crest.swingui.relational.DPVRelational" name="Relational_1" id="5310A402-21E0-BB3D-0EE6-21E7DB8C86A3">
<createdBy>Marcelo Bernabé</createdBy>
<modifiedBy>Marcelo Bernabé</modifiedBy>
<createdTime>2025-08-22 21:14:41 UTC</createdTime>
<autoRoute>false</autoRoute>
<boxInbox>true</boxInbox>
<showLegend>false</showLegend>
<showLabels>false</showLabels>
<showRelAttributes>false</showRelAttributes>
<gridEnabled>false</gridEnabled>
<showGrid>false</showGrid>
<diagramColor>-1</diagramColor>
<display>false</display>
<notation>1</notation>
<objectViews>
<OView class="oracle.dbtools.crest.swingui.relational.TVTable" oid="601E9DA9-020B-A344-EF83-373368403711" otype="Table" vid="EE80E8E4-3B58-7677-5CBE-C3DACAF91078">
<hideElementsInCurrentOnly>false</hideElementsInCurrentOnly>
<bounds x="119" y="432" width="170" height="110"/>
</OView>
<OView class="oracle.dbtools.crest.swingui.relational.TVTable" oid="7C99F8C2-F345-919A-7B85-30B20CFA93EA" otype="Table" vid="94BB487A-7819-042C-1322-BD268AA28324">
<hideElementsInCurrentOnly>false</hideElementsInCurrentOnly>
<bounds x="735" y="431" width="226" height="173"/>
</OView>
<OView class="oracle.dbtools.crest.swingui.relational.TVTable" oid="8525FE0B-6A3D-F9BB-EEE8-BE2AF66ADC08" otype="Table" vid="F6D5663E-56FA-08B0-E659-0202C2552975">
<hideElementsInCurrentOnly>false</hideElementsInCurrentOnly>
<bounds x="384" y="447" width="267" height="119"/>
</OView>
<OView class="oracle.dbtools.crest.swingui.relational.TVTable" oid="8F7395D9-8BCB-2013-AA6E-B3F3BBBD7ECF" otype="Table" vid="9F83ABEE-2F87-E8C6-23C2-5AC7481BBE2A">
<hideElementsInCurrentOnly>false</hideElementsInCurrentOnly>
<bounds x="91" y="223" width="223" height="163"/>
</OView>
<OView class="oracle.dbtools.crest.swingui.relational.TVTable" oid="BEC11699-7532-974A-58BF-1B120244A2D7" otype="Table" vid="DAA8425A-4CFE-FB0F-9928-3EC05F1DE723">
<hideElementsInCurrentOnly>false</hideElementsInCurrentOnly>
<bounds x="731" y="262" width="215" height="125"/>
</OView>
<OView class="oracle.dbtools.crest.swingui.relational.TVTable" oid="E32B6FCD-0E9C-48FB-906A-D2D1975FFA66" otype="Table" vid="9799FC79-AA37-704B-844A-C028240B016B">
<hideElementsInCurrentOnly>false</hideElementsInCurrentOnly>
<bounds x="376" y="86" width="223" height="136"/>
</OView>
<OView class="oracle.dbtools.crest.swingui.relational.TVTable" oid="E5D393EC-94ED-20E6-BCD5-346B6C15F99C" otype="Table" vid="3981DAE7-C7F6-7911-A5E0-DCDEB6FC22F5">
<hideElementsInCurrentOnly>false</hideElementsInCurrentOnly>
<bounds x="704" y="94" width="260" height="153"/>
</OView>
<OView class="oracle.dbtools.crest.swingui.relational.TVTable" oid="E9010157-2A82-57CA-4B78-E61255772F60" otype="Table" vid="D6A2C7B9-E2F1-19F9-0F03-BC1746D528CF">
<hideElementsInCurrentOnly>false</hideElementsInCurrentOnly>
<bounds x="427" y="283" width="170" height="110"/>
</OView>
</objectViews>
<connectors>
<Connector class="oracle.dbtools.crest.swingui.relational.TVFKRelation" oid="0FE54B5A-664B-3FB5-1113-2EE33390DC53" otype="FKIndexAssociation" vid_source="9799FC79-AA37-704B-844A-C028240B016B" vid_target="D6A2C7B9-E2F1-19F9-0F03-BC1746D528CF">
<hideElementsInCurrentOnly>false</hideElementsInCurrentOnly>
<backgroundColor>-16777216</backgroundColor>
<lineWidth>1</lineWidth>
<points>
<point x="512" y="222"/>
<point x="512" y="283"/>
</points>
</Connector>
<Connector class="oracle.dbtools.crest.swingui.relational.TVFKRelation" oid="2AC8685B-7A6E-6D12-D146-2F12AD309FB6" otype="FKIndexAssociation" vid_source="94BB487A-7819-042C-1322-BD268AA28324" vid_target="F6D5663E-56FA-08B0-E659-0202C2552975">
<hideElementsInCurrentOnly>false</hideElementsInCurrentOnly>
<backgroundColor>-16777216</backgroundColor>
<lineWidth>1</lineWidth>
<points>
<point x="735" y="506"/>
<point x="651" y="506"/>
</points>
</Connector>
<Connector class="oracle.dbtools.crest.swingui.relational.TVFKRelation" oid="520DC31F-AADD-DCAB-EA46-0D91F958A352" otype="FKIndexAssociation" vid_source="9799FC79-AA37-704B-844A-C028240B016B" vid_target="3981DAE7-C7F6-7911-A5E0-DCDEB6FC22F5">
<hideElementsInCurrentOnly>false</hideElementsInCurrentOnly>
<backgroundColor>-16777216</backgroundColor>
<lineWidth>1</lineWidth>
<points>
<point x="599" y="158"/>
<point x="310" y="230"/>
</points>
</Connector>
<Connector class="oracle.dbtools.crest.swingui.relational.TVFKRelation" oid="803E281A-A22F-2F26-1EF1-ECD588B59D63" otype="FKIndexAssociation" vid_source="9F83ABEE-2F87-E8C6-23C2-5AC7481BBE2A" vid_target="D6A2C7B9-E2F1-19F9-0F03-BC1746D528CF">
<hideElementsInCurrentOnly>false</hideElementsInCurrentOnly>
<backgroundColor>-16777216</backgroundColor>
<lineWidth>1</lineWidth>
<points>
<point x="314" y="334"/>
<point x="427" y="334"/>
</points>
</Connector>
<Connector class="oracle.dbtools.crest.swingui.relational.TVFKRelation" oid="902E4F34-E6BB-D164-CB09-52A2800706AD" otype="FKIndexAssociation" vid_source="EE80E8E4-3B58-7677-5CBE-C3DACAF91078" vid_target="9F83ABEE-2F87-E8C6-23C2-5AC7481BBE2A">
<hideElementsInCurrentOnly>false</hideElementsInCurrentOnly>
<backgroundColor>-16777216</backgroundColor>
<lineWidth>1</lineWidth>
<points>
<point x="204" y="432"/>
<point x="204" y="386"/>
</points>
</Connector>
<Connector class="oracle.dbtools.crest.swingui.relational.TVFKRelation" oid="CC31241B-1A7A-33E9-E140-D3D54E8B50F5" otype="FKIndexAssociation" vid_source="94BB487A-7819-042C-1322-BD268AA28324" vid_target="DAA8425A-4CFE-FB0F-9928-3EC05F1DE723">
<hideElementsInCurrentOnly>false</hideElementsInCurrentOnly>
<backgroundColor>-16777216</backgroundColor>
<lineWidth>1</lineWidth>
<points>
<point x="840" y="431"/>
<point x="840" y="387"/>
</points>
</Connector>
<Connector class="oracle.dbtools.crest.swingui.relational.TVFKRelation" oid="F0881E55-E376-20B8-892B-6ADE8F7236BF" otype="FKIndexAssociation" vid_source="F6D5663E-56FA-08B0-E659-0202C2552975" vid_target="D6A2C7B9-E2F1-19F9-0F03-BC1746D528CF">
<hideElementsInCurrentOnly>false</hideElementsInCurrentOnly>
<backgroundColor>-16777216</backgroundColor>
<lineWidth>1</lineWidth>
<points>
<point x="512" y="447"/>
<point x="512" y="393"/>
</points>
</Connector>
</connectors>
<arcs>
<Arc class="oracle.dbtools.crest.swingui.relational.TVFKArc" oid="79477818-E482-823C-7CF6-ACAFB8947358" otype="FKArc" vid="4ADE6D57-26C2-1C5A-0417-AD35E8FF6042">
<hideElementsInCurrentOnly>false</hideElementsInCurrentOnly>
<bounds x="715" y="411" width="266" height="213"/>
</Arc>
</arcs>
</Diagram>