<?xml version = '1.0' encoding = 'UTF-8'?>
<relationalModel class="oracle.dbtools.crest.model.design.relational.RelationalDesign" name="Relational_1" id="4E028BB9-3AC0-F139-69A3-A0C4B128515F" mainViewID="5310A402-21E0-BB3D-0EE6-21E7DB8C86A3">
<createdBy>Marcelo Bernabé</createdBy>
<createdTime>2025-08-22 20:03:52 UTC</createdTime>
<ownerDesignName>Entrega semana 2 BDD</ownerDesignName>
<shouldBeOpen>false</shouldBeOpen>
<selectedRDBMSSite>32076570-2523-435C-2E92-BF29817DFF70</selectedRDBMSSite>
</relationalModel>