<?xml version = '1.0' encoding = 'UTF-8'?>
<Table class="oracle.dbtools.crest.model.design.relational.Table" directorySegmentName="seg_0" id="12B8D0A5-D65B-F9EF-8EF4-BB978CA041C7" name="Vuelo">
<createdBy>Marcelo Bernabé</createdBy>
<createdTime>2025-08-18 01:53:47 UTC</createdTime>
<generatorID>226E8C68-D81B-1EA4-3BE6-2A0F8703E23E</generatorID>
<ownerDesignName>Entrega1</ownerDesignName>
<allowColumnReorder>false</allowColumnReorder>
<existDependencyGenerateInDDl>true</existDependencyGenerateInDDl>
<parsed>true</parsed>
<columns itemClass="oracle.dbtools.crest.model.design.relational.Column">
<Column name="ID_Vuelo" id="2FC2F392-45BC-12D2-7045-FF5E9E4DE82A">
<createdBy>Marcelo Bernabé</createdBy>
<createdTime>2025-08-18 01:53:47 UTC</createdTime>
<generatorID>A6A6EDED-D4B8-5108-BD05-50E750C09C24</generatorID>
<ownerDesignName>Entrega1</ownerDesignName>
<useDomainConstraints>false</useDomainConstraints>
<use>1</use>
<logicalDatatype>LOGDT011</logicalDatatype>
<ownDataTypeParameters>,,</ownDataTypeParameters>
<autoIncrementCycle>false</autoIncrementCycle>
</Column>
<Column name="Numero_Vuelo" id="70FB02F0-2B6C-8136-EFA8-FB55DF7797C9">
<createdBy>Marcelo Bernabé</createdBy>
<createdTime>2025-08-18 01:53:47 UTC</createdTime>
<generatorID>C4FB4354-852E-8ABB-3CA0-DB7CBAF9FD0B</generatorID>
<ownerDesignName>Entrega1</ownerDesignName>
<nullsAllowed>true</nullsAllowed>
<useDomainConstraints>false</useDomainConstraints>
<use>1</use>
<logicalDatatype>LOGDT024</logicalDatatype>
<dataTypeSize>10</dataTypeSize>
<ownDataTypeParameters>10,,</ownDataTypeParameters>
<autoIncrementCycle>false</autoIncrementCycle>
</Column>
<Column name="Fecha_Despegue" id="155565E6-FF9E-3FB5-58C1-7C008DD440EF">
<createdBy>Marcelo Bernabé</createdBy>
<createdTime>2025-08-18 01:53:47 UTC</createdTime>
<generatorID>69569E91-6FD0-ED7A-76CD-3B7ED87F8F9A</generatorID>
<ownerDesignName>Entrega1</ownerDesignName>
<nullsAllowed>true</nullsAllowed>
<useDomainConstraints>false</useDomainConstraints>
<use>1</use>
<logicalDatatype>LOGDT007</logicalDatatype>
<ownDataTypeParameters>,,</ownDataTypeParameters>
<autoIncrementCycle>false</autoIncrementCycle>
</Column>
<Column name="Fecha_Llegada" id="835E0DF7-1EFC-42B7-2ABF-40D5AAFBCBE8">
<createdBy>Marcelo Bernabé</createdBy>
<createdTime>2025-08-18 01:53:47 UTC</createdTime>
<generatorID>7A602A43-62B8-04C1-2512-8ACEE406E26A</generatorID>
<ownerDesignName>Entrega1</ownerDesignName>
<nullsAllowed>true</nullsAllowed>
<useDomainConstraints>false</useDomainConstraints>
<use>1</use>
<logicalDatatype>LOGDT007</logicalDatatype>
<ownDataTypeParameters>,,</ownDataTypeParameters>
<autoIncrementCycle>false</autoIncrementCycle>
</Column>
<Column name="Hora_Salida" id="E16CD881-0DB3-7520-E0A8-D031E0280704">
<createdBy>Marcelo Bernabé</createdBy>
<createdTime>2025-08-18 01:53:47 UTC</createdTime>
<generatorID>595DBDF7-D6BD-9841-BDE2-9E8B80442E29</generatorID>
<ownerDesignName>Entrega1</ownerDesignName>
<nullsAllowed>true</nullsAllowed>
<useDomainConstraints>false</useDomainConstraints>
<use>1</use>
<logicalDatatype>LOGDT014</logicalDatatype>
<ownDataTypeParameters>,,</ownDataTypeParameters>
<autoIncrementCycle>false</autoIncrementCycle>
</Column>
</columns>
<indexes itemClass="oracle.dbtools.crest.model.design.relational.Index">
<ind_PK_UK id="C5277AB4-8008-C121-77A1-EF064CB86FBD" name="Vuelo_PK">
<createdBy>Marcelo Bernabé</createdBy>
<createdTime>2025-08-18 01:53:47 UTC</createdTime>
<generatorID>8A660EE2-96DC-99AB-986F-808593ED5CB4</generatorID>
<ownerDesignName>Entrega1</ownerDesignName>
<pk>true</pk>
<indexState>Primary Constraint</indexState>
<isSurrogateKey>false</isSurrogateKey>
<indexColumnUsage>
<colUsage columnID="2FC2F392-45BC-12D2-7045-FF5E9E4DE82A"/>
</indexColumnUsage>
</ind_PK_UK>
</indexes>
</Table>