<?xml version = '1.0' encoding = 'UTF-8'?>
<Table class="oracle.dbtools.crest.model.design.relational.Table" directorySegmentName="seg_0" id="8EAAF1EA-A9FD-73D3-62CF-12EA49E81E5F" name="Reserva">
<createdBy>Marcelo Bernabé</createdBy>
<createdTime>2025-08-18 01:53:47 UTC</createdTime>
<generatorID>AB366D17-D056-5951-FCB1-0A89B9541345</generatorID>
<ownerDesignName>Entrega1</ownerDesignName>
<allowColumnReorder>false</allowColumnReorder>
<existDependencyGenerateInDDl>true</existDependencyGenerateInDDl>
<parsed>true</parsed>
<columns itemClass="oracle.dbtools.crest.model.design.relational.Column">
<Column name="ID_Reserva" id="56384CBD-6B7B-3D31-AFC8-D116A22DC1E9">
<createdBy>Marcelo Bernabé</createdBy>
<createdTime>2025-08-18 01:53:47 UTC</createdTime>
<generatorID>B74490DC-2693-A1FA-019E-A7798003B1E7</generatorID>
<ownerDesignName>Entrega1</ownerDesignName>
<useDomainConstraints>false</useDomainConstraints>
<use>1</use>
<logicalDatatype>LOGDT011</logicalDatatype>
<ownDataTypeParameters>,,</ownDataTypeParameters>
<autoIncrementCycle>false</autoIncrementCycle>
</Column>
<Column name="Numero_Reserva" id="309A7A14-76AB-70C4-3F66-CA7711EF1148">
<createdBy>Marcelo Bernabé</createdBy>
<createdTime>2025-08-18 01:53:47 UTC</createdTime>
<generatorID>47A8AD74-E774-CFB0-2AAC-34C8DA14A327</generatorID>
<ownerDesignName>Entrega1</ownerDesignName>
<nullsAllowed>true</nullsAllowed>
<useDomainConstraints>false</useDomainConstraints>
<use>1</use>
<logicalDatatype>LOGDT024</logicalDatatype>
<dataTypeSize>15</dataTypeSize>
<ownDataTypeParameters>15,,</ownDataTypeParameters>
<autoIncrementCycle>false</autoIncrementCycle>
</Column>
<Column name="Fecha_Reserva" id="2AF0BAA5-5959-7657-16DB-171505507127">
<createdBy>Marcelo Bernabé</createdBy>
<createdTime>2025-08-18 01:53:47 UTC</createdTime>
<generatorID>0105D615-CE68-E683-933B-AB0FF4B51B5B</generatorID>
<ownerDesignName>Entrega1</ownerDesignName>
<nullsAllowed>true</nullsAllowed>
<useDomainConstraints>false</useDomainConstraints>
<use>1</use>
<logicalDatatype>LOGDT007</logicalDatatype>
<ownDataTypeParameters>,,</ownDataTypeParameters>
<autoIncrementCycle>false</autoIncrementCycle>
</Column>
<Column name="Fecha_Viaje" id="88FDCF42-3745-2283-0567-04629CCF0998">
<createdBy>Marcelo Bernabé</createdBy>
<createdTime>2025-08-18 01:53:47 UTC</createdTime>
<generatorID>B5CB1F6D-FC5F-2A10-6AB5-A66384DB777B</generatorID>
<ownerDesignName>Entrega1</ownerDesignName>
<nullsAllowed>true</nullsAllowed>
<useDomainConstraints>false</useDomainConstraints>
<use>1</use>
<logicalDatatype>LOGDT007</logicalDatatype>
<ownDataTypeParameters>,,</ownDataTypeParameters>
<autoIncrementCycle>false</autoIncrementCycle>
</Column>
<Column name="Estado" id="46EA8A6B-C768-B7D4-3951-B4D96BF499C4">
<createdBy>Marcelo Bernabé</createdBy>
<createdTime>2025-08-18 01:53:47 UTC</createdTime>
<generatorID>46F2D249-35AB-61B3-4A9D-0E9D236034F8</generatorID>
<ownerDesignName>Entrega1</ownerDesignName>
<nullsAllowed>true</nullsAllowed>
<useDomainConstraints>false</useDomainConstraints>
<use>1</use>
<logicalDatatype>LOGDT024</logicalDatatype>
<dataTypeSize>20</dataTypeSize>
<ownDataTypeParameters>20,,</ownDataTypeParameters>
<autoIncrementCycle>false</autoIncrementCycle>
</Column>
<Column name="Vuelo_ID_Vuelo" id="183FC7FC-4BFC-B3B4-0B6D-FCA2C3EBCE9C">
<createdBy>Marcelo Bernabé</createdBy>
<createdTime>2025-08-18 01:53:47 UTC</createdTime>
<generatorID>1F20092F-F031-F3F1-CA7E-5308C2445004</generatorID>
<ownerDesignName>Entrega1</ownerDesignName>
<useDomainConstraints>false</useDomainConstraints>
<use>1</use>
<logicalDatatype>LOGDT011</logicalDatatype>
<ownDataTypeParameters>,,</ownDataTypeParameters>
<previousColumn>false</previousColumn>
<autoIncrementCycle>false</autoIncrementCycle>
<associations>
<colAssociation fkAssociation="7DADEF3F-A334-639D-9A18-648BE32140DE" referredColumn="2FC2F392-45BC-12D2-7045-FF5E9E4DE82A"/>
</associations>
</Column>
<Column name="Empleado_ID_Empleado" id="64B25063-324C-257E-5899-BBE45C72E8B6">
<createdBy>Marcelo Bernabé</createdBy>
<createdTime>2025-08-18 01:53:47 UTC</createdTime>
<generatorID>002BDADD-4483-33DB-4CC6-266F529E6247</generatorID>
<ownerDesignName>Entrega1</ownerDesignName>
<useDomainConstraints>false</useDomainConstraints>
<use>1</use>
<logicalDatatype>LOGDT011</logicalDatatype>
<ownDataTypeParameters>,,</ownDataTypeParameters>
<previousColumn>false</previousColumn>
<autoIncrementCycle>false</autoIncrementCycle>
<associations>
<colAssociation fkAssociation="196E0515-365C-288B-FEB2-E74E4764ED9B" referredColumn="348281D6-443D-E5BF-BA46-0F9AD37D3BBC"/>
</associations>
</Column>
<Column name="Pasajero_ID_Pasajero" id="D08AFBB9-9E75-8FBA-50EF-DAD91217F00D">
<createdBy>Marcelo Bernabé</createdBy>
<createdTime>2025-08-18 01:53:47 UTC</createdTime>
<generatorID>CA05C0F8-F323-96D2-451A-81D2FF3F71A7</generatorID>
<ownerDesignName>Entrega1</ownerDesignName>
<useDomainConstraints>false</useDomainConstraints>
<use>1</use>
<logicalDatatype>LOGDT011</logicalDatatype>
<ownDataTypeParameters>,,</ownDataTypeParameters>
<previousColumn>false</previousColumn>
<autoIncrementCycle>false</autoIncrementCycle>
<associations>
<colAssociation fkAssociation="D2C59551-17DD-8FD2-3D48-3BF1A1DABE10" referredColumn="69E7B1E9-7D8E-29A4-0994-F8C22F84CF62"/>
</associations>
</Column>
</columns>
<indexes itemClass="oracle.dbtools.crest.model.design.relational.Index">
<ind_PK_UK id="62FE9448-FC0A-2C4C-05B2-12D4CDE144ED" name="Reserva_PK">
<createdBy>Marcelo Bernabé</createdBy>
<createdTime>2025-08-18 01:53:47 UTC</createdTime>
<generatorID>7BCAE9FB-29EF-B1E3-4C6E-D2157DF2CD09</generatorID>
<ownerDesignName>Entrega1</ownerDesignName>
<pk>true</pk>
<indexState>Primary Constraint</indexState>
<isSurrogateKey>false</isSurrogateKey>
<indexColumnUsage>
<colUsage columnID="56384CBD-6B7B-3D31-AFC8-D116A22DC1E9"/>
<colUsage columnID="183FC7FC-4BFC-B3B4-0B6D-FCA2C3EBCE9C"/>
<colUsage columnID="64B25063-324C-257E-5899-BBE45C72E8B6"/>
<colUsage columnID="D08AFBB9-9E75-8FBA-50EF-DAD91217F00D"/>
</indexColumnUsage>
</ind_PK_UK>
<ind_PK_UK id="990286E6-512F-1D00-C65E-F0EA6E6AC5D0" name="Reserva_Vuelo_FK">
<createdBy>Marcelo Bernabé</createdBy>
<createdTime>2025-08-18 01:53:47 UTC</createdTime>
<generatorID>D172E958-8F7F-B3B3-FAD1-9F42555FC64F</generatorID>
<ownerDesignName>Entrega1</ownerDesignName>
<indexState>Foreign Key</indexState>
<isSurrogateKey>false</isSurrogateKey>
<indexColumnUsage>
<colUsage columnID="183FC7FC-4BFC-B3B4-0B6D-FCA2C3EBCE9C"/>
</indexColumnUsage>
</ind_PK_UK>
<ind_PK_UK id="CB36C1D7-CFF9-3A67-C5BD-A4E7195BD512" name="Reserva_Empleado_FK">
<createdBy>Marcelo Bernabé</createdBy>
<createdTime>2025-08-18 01:53:47 UTC</createdTime>
<generatorID>417B41F0-2CE4-606B-9384-E27A16C23FC9</generatorID>
<ownerDesignName>Entrega1</ownerDesignName>
<indexState>Foreign Key</indexState>
<isSurrogateKey>false</isSurrogateKey>
<indexColumnUsage>
<colUsage columnID="64B25063-324C-257E-5899-BBE45C72E8B6"/>
</indexColumnUsage>
</ind_PK_UK>
<ind_PK_UK id="C63CC39B-4F25-9D6E-4A4B-AA05D661B2EF" name="Reserva_Pasajero_FK">
<createdBy>Marcelo Bernabé</createdBy>
<createdTime>2025-08-18 01:53:47 UTC</createdTime>
<generatorID>E78ABFBA-C9DF-1093-199F-11F4341FFA94</generatorID>
<ownerDesignName>Entrega1</ownerDesignName>
<indexState>Foreign Key</indexState>
<isSurrogateKey>false</isSurrogateKey>
<indexColumnUsage>
<colUsage columnID="D08AFBB9-9E75-8FBA-50EF-DAD91217F00D"/>
</indexColumnUsage>
</ind_PK_UK>
</indexes>
</Table>