<?xml version = '1.0' encoding = 'UTF-8'?>
<Diagram class="oracle.dbtools.crest.swingui.relational.DPVRelational" name="Relational_1" id="2668ABFD-F500-794E-0E53-8C984ADE27D4">
<createdBy>Marcelo Bernabé</createdBy>
<modifiedBy>Marcelo Bernabé</modifiedBy>
<createdTime>2025-09-12 18:02:07 UTC</createdTime>
<autoRoute>false</autoRoute>
<boxInbox>true</boxInbox>
<showLegend>false</showLegend>
<showLabels>false</showLabels>
<showRelAttributes>false</showRelAttributes>
<gridEnabled>false</gridEnabled>
<showGrid>false</showGrid>
<diagramColor>-1</diagramColor>
<display>false</display>
<notation>1</notation>
<objectViews>
<OView class="oracle.dbtools.crest.swingui.relational.TVTable" oid="0C267B65-0440-0AF5-1A7A-BEDE89AA8B71" otype="Table" vid="F89E621B-E9F0-3A7C-1E65-8F69A8350C5D">
<hideElementsInCurrentOnly>false</hideElementsInCurrentOnly>
<bounds x="294" y="140" width="220" height="184"/>
</OView>
<OView class="oracle.dbtools.crest.swingui.relational.TVTable" oid="2C5610C5-DD4A-5331-A1F3-7DBF57FFEAC8" otype="Table" vid="30CD46F8-CB64-B8DF-C111-967E24E6B181">
<hideElementsInCurrentOnly>false</hideElementsInCurrentOnly>
<bounds x="745" y="371" width="123" height="83"/>
</OView>
<OView class="oracle.dbtools.crest.swingui.relational.TVTable" oid="2F4CE8C8-36BA-45A6-F33D-2339A51A5AA6" otype="Table" vid="A7CB2A28-7AED-191B-CF6B-D620E094B081">
<hideElementsInCurrentOnly>false</hideElementsInCurrentOnly>
<bounds x="533" y="381" width="167" height="108"/>
</OView>
<OView class="oracle.dbtools.crest.swingui.relational.TVTable" oid="3169CFD4-2123-E086-E1B2-E2FD73682380" otype="Table" vid="3D97E72C-7983-4A14-533D-C6CDB9BFA5A5">
<hideElementsInCurrentOnly>false</hideElementsInCurrentOnly>
<bounds x="919" y="258" width="180" height="74"/>
</OView>
<OView class="oracle.dbtools.crest.swingui.relational.TVTable" oid="48DD9E48-FD99-D469-B803-E815531B82F0" otype="Table" vid="781CC22D-3FFA-33BE-E1A7-3E5BB7203C50">
<hideElementsInCurrentOnly>false</hideElementsInCurrentOnly>
<bounds x="292" y="8" width="160" height="85"/>
</OView>
<OView class="oracle.dbtools.crest.swingui.relational.TVTable" oid="50C1DECE-4E94-F007-EBC0-719AD2B92D59" otype="Table" vid="18C1A173-5374-AB7B-1E98-674DE9F49F76">
<hideElementsInCurrentOnly>false</hideElementsInCurrentOnly>
<bounds x="919" y="61" width="189" height="108"/>
</OView>
<OView class="oracle.dbtools.crest.swingui.relational.TVTable" oid="54002072-D50A-90A2-DE37-B360AF55F2AD" otype="Table" vid="8D40B3A3-A92B-1200-04F0-3B1403D8AC3E">
<hideElementsInCurrentOnly>false</hideElementsInCurrentOnly>
<bounds x="240" y="355" width="262" height="130"/>
</OView>
<OView class="oracle.dbtools.crest.swingui.relational.TVTable" oid="6C74DD57-1E10-81CF-167D-F2AB6EB3E43A" otype="Table" vid="8DBF954B-988B-C041-9921-2BC916683ECE">
<hideElementsInCurrentOnly>false</hideElementsInCurrentOnly>
<bounds x="605" y="6" width="228" height="184"/>
</OView>
<OView class="oracle.dbtools.crest.swingui.relational.TVTable" oid="ACA35F6F-1AF1-EB51-8AC7-CC8C013FBE03" otype="Table" vid="F4D1AC2B-185E-219E-6F87-1F2991419A0B">
<hideElementsInCurrentOnly>false</hideElementsInCurrentOnly>
<bounds x="2" y="76" width="224" height="156"/>
</OView>
<OView class="oracle.dbtools.crest.swingui.relational.TVTable" oid="D056E58E-D0AB-5179-0159-C8BB22F2EE58" otype="Table" vid="94F4BEFF-0505-08B7-0A56-E157EAF26265">
<hideElementsInCurrentOnly>false</hideElementsInCurrentOnly>
<bounds x="604" y="206" width="235" height="106"/>
</OView>
<OView class="oracle.dbtools.crest.swingui.relational.TVTable" oid="DA995C69-539B-6921-B34B-6F4D77F5C067" otype="Table" vid="C0092A97-F519-550A-F52E-012904F6295F">
<hideElementsInCurrentOnly>false</hideElementsInCurrentOnly>
<bounds x="0" y="321" width="235" height="136"/>
</OView>
<OView class="oracle.dbtools.crest.swingui.relational.TVTable" oid="F8B639B3-EA5F-D6D4-5F8A-D301F91410DB" otype="Table" vid="9F9B759C-97BE-CE3C-11B0-E814AF7194D1">
<hideElementsInCurrentOnly>false</hideElementsInCurrentOnly>
<bounds x="883" y="392" width="215" height="88"/>
</OView>
</objectViews>
<connectors>
<Connector class="oracle.dbtools.crest.swingui.relational.TVFKRelation" oid="08480A4D-58E1-FA48-E4E7-B313735DEDCE" otype="FKIndexAssociation" vid_source="18C1A173-5374-AB7B-1E98-674DE9F49F76" vid_target="8DBF954B-988B-C041-9921-2BC916683ECE">
<hideElementsInCurrentOnly>false</hideElementsInCurrentOnly>
<backgroundColor>-16777216</backgroundColor>
<lineWidth>1</lineWidth>
<points>
<point x="919" y="115"/>
<point x="833" y="115"/>
</points>
</Connector>
<Connector class="oracle.dbtools.crest.swingui.relational.TVFKRelation" oid="1746C24F-14DA-9C9C-2469-F7E384F058D9" otype="FKIndexAssociation" vid_source="F89E621B-E9F0-3A7C-1E65-8F69A8350C5D" vid_target="F4D1AC2B-185E-219E-6F87-1F2991419A0B">
<hideElementsInCurrentOnly>false</hideElementsInCurrentOnly>
<backgroundColor>-16777216</backgroundColor>
<lineWidth>1</lineWidth>
<points>
<point x="294" y="186"/>
<point x="226" y="186"/>
</points>
</Connector>
<Connector class="oracle.dbtools.crest.swingui.relational.TVFKRelation" oid="17A65B46-038D-2563-3407-6A1D8749D942" otype="FKIndexAssociation" vid_source="94F4BEFF-0505-08B7-0A56-E157EAF26265" vid_target="94F4BEFF-0505-08B7-0A56-E157EAF26265">
<hideElementsInCurrentOnly>false</hideElementsInCurrentOnly>
<backgroundColor>-16777216</backgroundColor>
<lineWidth>1</lineWidth>
<points>
<point x="839" y="236"/>
<point x="877" y="236"/>
<point x="880" y="281"/>
<point x="844" y="279"/>
<point x="839" y="279"/>
</points>
</Connector>
<Connector class="oracle.dbtools.crest.swingui.relational.TVFKRelation" oid="18CD4D05-B979-8D96-3989-3A26725FEC16" otype="FKIndexAssociation" vid_source="F4D1AC2B-185E-219E-6F87-1F2991419A0B" vid_target="C0092A97-F519-550A-F52E-012904F6295F">
<hideElementsInCurrentOnly>false</hideElementsInCurrentOnly>
<backgroundColor>-16777216</backgroundColor>
<lineWidth>1</lineWidth>
<points>
<point x="114" y="232"/>
<point x="114" y="321"/>
</points>
</Connector>
<Connector class="oracle.dbtools.crest.swingui.relational.TVFKRelation" oid="4ABC94FC-FACF-D4B2-5298-31150D50F682" otype="FKIndexAssociation" vid_source="30CD46F8-CB64-B8DF-C111-967E24E6B181" vid_target="94F4BEFF-0505-08B7-0A56-E157EAF26265">
<hideElementsInCurrentOnly>false</hideElementsInCurrentOnly>
<backgroundColor>-16777216</backgroundColor>
<lineWidth>1</lineWidth>
<points>
<point x="792" y="371"/>
<point x="792" y="312"/>
</points>
</Connector>
<Connector class="oracle.dbtools.crest.swingui.relational.TVFKRelation" oid="4CAA1FB4-E565-FFF7-D4EE-DB0C8AE6D693" otype="FKIndexAssociation" vid_source="8DBF954B-988B-C041-9921-2BC916683ECE" vid_target="F89E621B-E9F0-3A7C-1E65-8F69A8350C5D">
<hideElementsInCurrentOnly>false</hideElementsInCurrentOnly>
<backgroundColor>-16777216</backgroundColor>
<lineWidth>1</lineWidth>
<points>
<point x="605" y="165"/>
<point x="514" y="165"/>
</points>
</Connector>
<Connector class="oracle.dbtools.crest.swingui.relational.TVFKRelation" oid="615835D6-291D-3C14-40D8-F3C7BCFC5E1F" otype="FKIndexAssociation" vid_source="94F4BEFF-0505-08B7-0A56-E157EAF26265" vid_target="F89E621B-E9F0-3A7C-1E65-8F69A8350C5D">
<hideElementsInCurrentOnly>false</hideElementsInCurrentOnly>
<backgroundColor>-16777216</backgroundColor>
<lineWidth>1</lineWidth>
<points>
<point x="604" y="259"/>
<point x="514" y="259"/>
</points>
</Connector>
<Connector class="oracle.dbtools.crest.swingui.relational.TVFKRelation" oid="7E10BA51-8589-6011-0BEB-92E72AA6AE71" otype="FKIndexAssociation" vid_source="3D97E72C-7983-4A14-533D-C6CDB9BFA5A5" vid_target="18C1A173-5374-AB7B-1E98-674DE9F49F76">
<hideElementsInCurrentOnly>false</hideElementsInCurrentOnly>
<backgroundColor>-16777216</backgroundColor>
<lineWidth>1</lineWidth>
<points>
<point x="1009" y="258"/>
<point x="1009" y="169"/>
</points>
</Connector>
<Connector class="oracle.dbtools.crest.swingui.relational.TVFKRelation" oid="89336B23-8891-3B1C-C6C2-B91E0A431421" otype="FKIndexAssociation" vid_source="F89E621B-E9F0-3A7C-1E65-8F69A8350C5D" vid_target="781CC22D-3FFA-33BE-E1A7-3E5BB7203C50">
<hideElementsInCurrentOnly>false</hideElementsInCurrentOnly>
<backgroundColor>-16777216</backgroundColor>
<lineWidth>1</lineWidth>
<points>
<point x="373" y="140"/>
<point x="373" y="93"/>
</points>
</Connector>
<Connector class="oracle.dbtools.crest.swingui.relational.TVFKRelation" oid="8E7259B0-33AA-FFC9-C6E3-0F9A10DB427B" otype="FKIndexAssociation" vid_source="8D40B3A3-A92B-1200-04F0-3B1403D8AC3E" vid_target="F4D1AC2B-185E-219E-6F87-1F2991419A0B">
<hideElementsInCurrentOnly>false</hideElementsInCurrentOnly>
<backgroundColor>-16777216</backgroundColor>
<lineWidth>1</lineWidth>
<points>
<point x="308" y="355"/>
<point x="189" y="232"/>
</points>
</Connector>
<Connector class="oracle.dbtools.crest.swingui.relational.TVFKRelation" oid="E4693063-3456-C813-19C6-1AAE39981662" otype="FKIndexAssociation" vid_source="A7CB2A28-7AED-191B-CF6B-D620E094B081" vid_target="94F4BEFF-0505-08B7-0A56-E157EAF26265">
<hideElementsInCurrentOnly>false</hideElementsInCurrentOnly>
<backgroundColor>-16777216</backgroundColor>
<lineWidth>1</lineWidth>
<points>
<point x="652" y="381"/>
<point x="652" y="312"/>
</points>
</Connector>
<Connector class="oracle.dbtools.crest.swingui.relational.TVFKRelation" oid="FB594AE6-A177-F684-3FD5-9588AC39ECA2" otype="FKIndexAssociation" vid_source="9F9B759C-97BE-CE3C-11B0-E814AF7194D1" vid_target="94F4BEFF-0505-08B7-0A56-E157EAF26265">
<hideElementsInCurrentOnly>false</hideElementsInCurrentOnly>
<backgroundColor>-16777216</backgroundColor>
<lineWidth>1</lineWidth>
<points>
<point x="923" y="392"/>
<point x="802" y="312"/>
</points>
</Connector>
</connectors>
</Diagram>