<?xml version = '1.0' encoding = 'UTF-8'?>
<FKArc class="oracle.dbtools.crest.model.design.relational.FKArc" directorySegmentName="seg_0" id="591B8372-4CCB-E58A-67D8-4805225BEC33" name="FKArc_2">
<createdBy>Marcelo Bernabé</createdBy>
<createdTime>2025-08-31 22:34:11 UTC</createdTime>
<ownerDesignName>Entrega semana 3 BDD</ownerDesignName>
<mandatory>false</mandatory>
<reverseArc>true</reverseArc>
<table>71A9245C-3918-243C-2F04-64857026FDE0</table>
<fkeys>
<fkeyID>DB98BBF6-D2D7-4CE1-4D99-B4B978C0D581</fkeyID>
<fkeyID>32EA53CD-36C2-A71E-82E2-E2F67BD47C90</fkeyID>
<fkeyID>CD4943D0-2BF7-1260-7C4A-4EE431A7FF06</fkeyID>
</fkeys>
</FKArc>