<?xml version = '1.0' encoding = 'UTF-8'?>
<FKArc class="oracle.dbtools.crest.model.design.relational.FKArc" directorySegmentName="seg_0" id="66445D56-B6EF-2A71-D2A4-C3CC9874DE7F" name="FKArc_1">
<createdBy>Marcelo Bernabé</createdBy>
<createdTime>2025-08-31 22:34:11 UTC</createdTime>
<ownerDesignName>Entrega semana 3 BDD</ownerDesignName>
<mandatory>false</mandatory>
<reverseArc>true</reverseArc>
<table>B4425131-34E4-A60B-B94D-1F7D2C702380</table>
<fkeys>
<fkeyID>FE2948D6-718F-B11A-D5CF-3E6399C6F151</fkeyID>
<fkeyID>D4E3A71B-F52A-7CBE-4B33-C7EA957353CB</fkeyID>
</fkeys>
</FKArc>