<?xml version = '1.0' encoding = 'UTF-8'?>
<relationalModel class="oracle.dbtools.crest.model.design.relational.RelationalDesign" name="Entrega 1" id="1CBF18E2-CA85-C765-A237-63632E4F0FF2" mainViewID="F95E3D22-8324-F21C-3E49-BB94FF3AA06B">
<createdBy>Marcelo Bernabé</createdBy>
<createdTime>2025-08-18 01:10:25 UTC</createdTime>
<ownerDesignName>Entrega1</ownerDesignName>
<shouldBeOpen>false</shouldBeOpen>
<selectedRDBMSSite>32076570-2523-435C-2E92-BF29817DFF70</selectedRDBMSSite>
</relationalModel>