<?xml version = '1.0' encoding = 'UTF-8'?>
<Diagram class="oracle.dbtools.crest.swingui.logical.DPVLogical" name="Logical" id="E02CA9B5-63FE-B04B-446A-0378D2845579">
<createdBy>Marcelo Bernabé</createdBy>
<modifiedBy>Marcelo Bernabé</modifiedBy>
<createdTime>2025-08-31 21:28:16 UTC</createdTime>
<autoRoute>false</autoRoute>
<boxInbox>true</boxInbox>
<showLegend>false</showLegend>
<showLabels>false</showLabels>
<showRelAttributes>false</showRelAttributes>
<gridEnabled>false</gridEnabled>
<showGrid>false</showGrid>
<diagramColor>-1</diagramColor>
<display>false</display>
<notation>1</notation>
<objectViews>
<OView class="oracle.dbtools.crest.swingui.logical.TVEntity" oid="181C938B-67BC-C2C2-A177-174040B67312" otype="Entity" vid="72956B7F-256B-C77F-2E44-287D481F3637">
<hideElementsInCurrentOnly>false</hideElementsInCurrentOnly>
<bounds x="580" y="130" width="196" height="126"/>
</OView>
<OView class="oracle.dbtools.crest.swingui.logical.TVEntity" oid="43E53073-C8F3-9EC3-982C-178EF608F80F" otype="Entity" vid="E3013298-F1F2-742C-8690-8E319BCBA4D2">
<hideElementsInCurrentOnly>false</hideElementsInCurrentOnly>
<bounds x="590" y="181" width="82" height="65"/>
</OView>
<OView class="oracle.dbtools.crest.swingui.logical.TVEntity" oid="51AB4E8A-AEF3-E16D-A9AF-38F251ECF362" otype="Entity" vid="85AD26CF-FCFE-1FEC-5601-3D209C8661EF">
<hideElementsInCurrentOnly>false</hideElementsInCurrentOnly>
<bounds x="445" y="390" width="144" height="140"/>
</OView>
<OView class="oracle.dbtools.crest.swingui.logical.TVEntity" oid="6F301C4A-EB8A-D32B-CCD1-656F5A97BA52" otype="Entity" vid="FAA9E7FC-18D6-B1B9-B8AD-E067BDC9B93A">
<hideElementsInCurrentOnly>false</hideElementsInCurrentOnly>
<bounds x="675" y="179" width="91" height="67"/>
</OView>
<OView class="oracle.dbtools.crest.swingui.logical.TVEntity" oid="73158F8D-10BA-E059-F66B-0F1DD73631A2" otype="Entity" vid="01BA3551-8330-856A-9A1C-74C4BC78E064">
<hideElementsInCurrentOnly>false</hideElementsInCurrentOnly>
<bounds x="464" y="207" width="109" height="86"/>
</OView>
<OView class="oracle.dbtools.crest.swingui.logical.TVEntity" oid="9A5D1BF3-0204-5CBA-85B9-3FCA224FAE18" otype="Entity" vid="24B8FF97-DD19-5252-7DA3-98565D3D4FAA">
<hideElementsInCurrentOnly>false</hideElementsInCurrentOnly>
<bounds x="40" y="43" width="152" height="136"/>
</OView>
<OView class="oracle.dbtools.crest.swingui.logical.TVEntity" oid="A324871B-82BE-9A66-73DC-EBFD18E835B9" otype="Entity" vid="20E1F932-C9D1-FBE3-47F4-5558D0E3F657">
<hideElementsInCurrentOnly>false</hideElementsInCurrentOnly>
<bounds x="309" y="208" width="120" height="76"/>
</OView>
<OView class="oracle.dbtools.crest.swingui.logical.TVEntity" oid="B059B30E-76CB-CA0D-1445-F938A41D3D3A" otype="Entity" vid="5D2CEBAA-672C-2EE2-7377-029AC3AFAE16">
<hideElementsInCurrentOnly>false</hideElementsInCurrentOnly>
<bounds x="295" y="104" width="493" height="203"/>
</OView>
<OView class="oracle.dbtools.crest.swingui.logical.TVEntity" oid="E21D38DB-4767-FE55-12C5-5E1FA927310A" otype="Entity" vid="4661AE66-C5AD-A3C9-DA6D-4DD1D8317783">
<hideElementsInCurrentOnly>false</hideElementsInCurrentOnly>
<bounds x="44" y="211" width="125" height="127"/>
</OView>
<OView class="oracle.dbtools.crest.swingui.logical.TVEntity" oid="FB3D9A14-AB59-7B11-7F4F-ECB64FBC7460" otype="Entity" vid="CF86E70A-8E11-A267-70C8-6BFD2B24BC9D">
<hideElementsInCurrentOnly>false</hideElementsInCurrentOnly>
<bounds x="231" y="371" width="169" height="142"/>
</OView>
</objectViews>
<connectors>
<Connector class="oracle.dbtools.crest.swingui.logical.TVInheritanceRelation" oid="14C7D5AE-F4CC-7C9D-B900-96417B41B01F" otype="Hierarchy relation" vid_source="5D2CEBAA-672C-2EE2-7377-029AC3AFAE16" vid_target="01BA3551-8330-856A-9A1C-74C4BC78E064">
<hideElementsInCurrentOnly>false</hideElementsInCurrentOnly>
<backgroundColor>-65536</backgroundColor>
<lineWidth>1</lineWidth>
</Connector>
<Connector class="oracle.dbtools.crest.swingui.logical.TVRelation" oid="1CE82130-BE79-1134-3956-5529CAE8F424" otype="Relation" vid_source="CF86E70A-8E11-A267-70C8-6BFD2B24BC9D" vid_target="20E1F932-C9D1-FBE3-47F4-5558D0E3F657">
<hideElementsInCurrentOnly>false</hideElementsInCurrentOnly>
<backgroundColor>-16777216</backgroundColor>
<lineWidth>1</lineWidth>
<points>
<point x="354" y="371"/>
<point x="354" y="284"/>
</points>
</Connector>
<Connector class="oracle.dbtools.crest.swingui.logical.TVRelation" oid="383B4310-23D6-21D1-DCDF-F5FD1307298C" otype="Relation" vid_source="85AD26CF-FCFE-1FEC-5601-3D209C8661EF" vid_target="CF86E70A-8E11-A267-70C8-6BFD2B24BC9D">
<hideElementsInCurrentOnly>false</hideElementsInCurrentOnly>
<backgroundColor>-16777216</backgroundColor>
<lineWidth>1</lineWidth>
<points>
<point x="445" y="451"/>
<point x="400" y="451"/>
</points>
</Connector>
<Connector class="oracle.dbtools.crest.swingui.logical.TVRelation" oid="3D020B0B-2CE2-4FD0-F055-82CFADD9BF01" otype="Relation" vid_source="01BA3551-8330-856A-9A1C-74C4BC78E064" vid_target="85AD26CF-FCFE-1FEC-5601-3D209C8661EF">
<hideElementsInCurrentOnly>false</hideElementsInCurrentOnly>
<backgroundColor>-16777216</backgroundColor>
<lineWidth>1</lineWidth>
<points>
<point x="518" y="293"/>
<point x="518" y="390"/>
</points>
</Connector>
<Connector class="oracle.dbtools.crest.swingui.logical.TVRelation" oid="49A596FA-53BD-D9F4-E2C1-49A584855614" otype="Relation" vid_source="24B8FF97-DD19-5252-7DA3-98565D3D4FAA" vid_target="5D2CEBAA-672C-2EE2-7377-029AC3AFAE16">
<hideElementsInCurrentOnly>false</hideElementsInCurrentOnly>
<backgroundColor>-16777216</backgroundColor>
<lineWidth>1</lineWidth>
<points>
<point x="192" y="141"/>
<point x="295" y="141"/>
</points>
</Connector>
<Connector class="oracle.dbtools.crest.swingui.logical.TVInheritanceRelation" oid="87E43019-3072-2EF8-6D57-00E5B8BBA3DB" otype="Hierarchy relation" vid_source="72956B7F-256B-C77F-2E44-287D481F3637" vid_target="E3013298-F1F2-742C-8690-8E319BCBA4D2">
<hideElementsInCurrentOnly>false</hideElementsInCurrentOnly>
<backgroundColor>-65536</backgroundColor>
<lineWidth>1</lineWidth>
</Connector>
<Connector class="oracle.dbtools.crest.swingui.logical.TVInheritanceRelation" oid="999AA980-8910-4608-9845-C04CE7286307" otype="Hierarchy relation" vid_source="5D2CEBAA-672C-2EE2-7377-029AC3AFAE16" vid_target="20E1F932-C9D1-FBE3-47F4-5558D0E3F657">
<hideElementsInCurrentOnly>false</hideElementsInCurrentOnly>
<backgroundColor>-65536</backgroundColor>
<lineWidth>1</lineWidth>
</Connector>
<Connector class="oracle.dbtools.crest.swingui.logical.TVRelation" oid="C9CD9C10-3702-5C3D-00DE-AC937CDE4BE2" otype="Relation" vid_source="24B8FF97-DD19-5252-7DA3-98565D3D4FAA" vid_target="4661AE66-C5AD-A3C9-DA6D-4DD1D8317783">
<hideElementsInCurrentOnly>false</hideElementsInCurrentOnly>
<backgroundColor>-16777216</backgroundColor>
<lineWidth>1</lineWidth>
<points>
<point x="106" y="179"/>
<point x="106" y="211"/>
</points>
</Connector>
<Connector class="oracle.dbtools.crest.swingui.logical.TVInheritanceRelation" oid="CB6866A8-FB69-A3BC-2E79-39B7648CEFFF" otype="Hierarchy relation" vid_source="72956B7F-256B-C77F-2E44-287D481F3637" vid_target="FAA9E7FC-18D6-B1B9-B8AD-E067BDC9B93A">
<hideElementsInCurrentOnly>false</hideElementsInCurrentOnly>
<backgroundColor>-65536</backgroundColor>
<lineWidth>1</lineWidth>
</Connector>
<Connector class="oracle.dbtools.crest.swingui.logical.TVRelation" oid="CCBA6AD9-96F8-CF2E-2671-705477F9DF76" otype="Relation" vid_source="FAA9E7FC-18D6-B1B9-B8AD-E067BDC9B93A" vid_target="FAA9E7FC-18D6-B1B9-B8AD-E067BDC9B93A">
<hideElementsInCurrentOnly>false</hideElementsInCurrentOnly>
<backgroundColor>-16777216</backgroundColor>
<lineWidth>1</lineWidth>
<points>
<point x="766" y="218"/>
<point x="791" y="218"/>
<point x="791" y="271"/>
<point x="728" y="271"/>
<point x="728" y="246"/>
</points>
</Connector>
<Connector class="oracle.dbtools.crest.swingui.logical.TVInheritanceRelation" oid="D88B4936-ACA2-F2E9-B882-E496B0D9D508" otype="Hierarchy relation" vid_source="5D2CEBAA-672C-2EE2-7377-029AC3AFAE16" vid_target="72956B7F-256B-C77F-2E44-287D481F3637">
<hideElementsInCurrentOnly>false</hideElementsInCurrentOnly>
<backgroundColor>-65536</backgroundColor>
<lineWidth>1</lineWidth>
</Connector>
<Connector class="oracle.dbtools.crest.swingui.logical.TVRelation" oid="EECFB0C9-79E2-D9E9-2C4C-EB403AA62E38" otype="Relation" vid_source="4661AE66-C5AD-A3C9-DA6D-4DD1D8317783" vid_target="20E1F932-C9D1-FBE3-47F4-5558D0E3F657">
<hideElementsInCurrentOnly>false</hideElementsInCurrentOnly>
<backgroundColor>-16777216</backgroundColor>
<lineWidth>1</lineWidth>
<points>
<point x="169" y="248"/>
<point x="309" y="248"/>
</points>
</Connector>
</connectors>
</Diagram>