<?xml version = '1.0' encoding = 'UTF-8'?>
<Diagram class="oracle.dbtools.crest.swingui.relational.DPVRelational" name="Entrega 1" id="F95E3D22-8324-F21C-3E49-BB94FF3AA06B">
<createdBy>Marcelo Bernabé</createdBy>
<modifiedBy>Marcelo Bernabé</modifiedBy>
<createdTime>2025-08-18 01:15:56 UTC</createdTime>
<autoRoute>false</autoRoute>
<boxInbox>true</boxInbox>
<showLegend>false</showLegend>
<showLabels>false</showLabels>
<showRelAttributes>false</showRelAttributes>
<gridEnabled>false</gridEnabled>
<showGrid>false</showGrid>
<diagramColor>-1</diagramColor>
<display>false</display>
<notation>1</notation>
<objectViews>
<OView class="oracle.dbtools.crest.swingui.relational.TVTable" oid="12B8D0A5-D65B-F9EF-8EF4-BB978CA041C7" otype="Table" vid="A4AD0297-5975-734F-AA3B-67726C483C1C">
<hideElementsInCurrentOnly>false</hideElementsInCurrentOnly>
<bounds x="15" y="257" width="217" height="137"/>
</OView>
<OView class="oracle.dbtools.crest.swingui.relational.TVTable" oid="7BE2D98E-1A02-427A-79D8-6A5821F20694" otype="Table" vid="FDCF5445-85FF-2E4A-118F-E2596ACCB981">
<hideElementsInCurrentOnly>false</hideElementsInCurrentOnly>
<bounds x="18" y="41" width="228" height="151"/>
</OView>
<OView class="oracle.dbtools.crest.swingui.relational.TVTable" oid="8EAAF1EA-A9FD-73D3-62CF-12EA49E81E5F" otype="Table" vid="AC05F73E-FCE1-0F20-B19C-514D5B3B00AC">
<hideElementsInCurrentOnly>false</hideElementsInCurrentOnly>
<bounds x="317" y="233" width="461" height="203"/>
</OView>
<OView class="oracle.dbtools.crest.swingui.relational.TVTable" oid="979C8326-8732-F00B-315D-51F46301ABE2" otype="Table" vid="BB797AC6-BFD7-11CA-FF29-2AFCA96E1F6B">
<hideElementsInCurrentOnly>false</hideElementsInCurrentOnly>
<bounds x="366" y="4" width="237" height="197"/>
</OView>
</objectViews>
<connectors>
<Connector class="oracle.dbtools.crest.swingui.relational.TVFKRelation" oid="196E0515-365C-288B-FEB2-E74E4764ED9B" otype="FKIndexAssociation" vid_source="BB797AC6-BFD7-11CA-FF29-2AFCA96E1F6B" vid_target="AC05F73E-FCE1-0F20-B19C-514D5B3B00AC">
<hideElementsInCurrentOnly>false</hideElementsInCurrentOnly>
<backgroundColor>-16777216</backgroundColor>
<lineWidth>1</lineWidth>
<points>
<point x="484" y="201"/>
<point x="484" y="233"/>
</points>
</Connector>
<Connector class="oracle.dbtools.crest.swingui.relational.TVFKRelation" oid="7DADEF3F-A334-639D-9A18-648BE32140DE" otype="FKIndexAssociation" vid_source="A4AD0297-5975-734F-AA3B-67726C483C1C" vid_target="AC05F73E-FCE1-0F20-B19C-514D5B3B00AC">
<hideElementsInCurrentOnly>false</hideElementsInCurrentOnly>
<backgroundColor>-16777216</backgroundColor>
<lineWidth>1</lineWidth>
<points>
<point x="232" y="325"/>
<point x="317" y="325"/>
</points>
</Connector>
<Connector class="oracle.dbtools.crest.swingui.relational.TVFKRelation" oid="D2C59551-17DD-8FD2-3D48-3BF1A1DABE10" otype="FKIndexAssociation" vid_source="FDCF5445-85FF-2E4A-118F-E2596ACCB981" vid_target="AC05F73E-FCE1-0F20-B19C-514D5B3B00AC">
<hideElementsInCurrentOnly>false</hideElementsInCurrentOnly>
<backgroundColor>-16777216</backgroundColor>
<lineWidth>1</lineWidth>
<points>
<point x="246" y="176"/>
<point x="354" y="233"/>
</points>
</Connector>
</connectors>
</Diagram>