<?xml version = '1.0' encoding = 'UTF-8'?>
<FKIndexAssociation class="oracle.dbtools.crest.model.design.relational.FKIndexAssociation" directorySegmentName="seg_0" id="196E0515-365C-288B-FEB2-E74E4764ED9B" containerWithKeyObject="8EAAF1EA-A9FD-73D3-62CF-12EA49E81E5F" localFKIndex="CB36C1D7-CFF9-3A67-C5BD-A4E7195BD512" name="Reserva_Empleado_FK">
<createdBy>Marcelo Bernabé</createdBy>
<createdTime>2025-08-18 01:53:47 UTC</createdTime>
<generatorID>417B41F0-2CE4-606B-9384-E27A16C23FC9</generatorID>
<ownerDesignName>Entrega1</ownerDesignName>
<referredTableLongName>Empleado</referredTableLongName>
<deleteRule>NO ACTION</deleteRule>
<referredTableID>979C8326-8732-F00B-315D-51F46301ABE2</referredTableID>
<keyObject>62CAD4A7-8E1F-5032-EAF0-50041BF7F61E</keyObject>
<referredKeyID>62CAD4A7-8E1F-5032-EAF0-50041BF7F61E</referredKeyID>
<mandatory>true</mandatory>
<refColNames>ID_Empleado</refColNames>
<transferable>true</transferable>
<rely>false</rely>
<columnDependencyConstraintGenerateInDDL>true</columnDependencyConstraintGenerateInDDL>
</FKIndexAssociation>