<?xml version = '1.0' encoding = 'UTF-8'?>
<FKIndexAssociation class="oracle.dbtools.crest.model.design.relational.FKIndexAssociation" directorySegmentName="seg_0" id="7DADEF3F-A334-639D-9A18-648BE32140DE" containerWithKeyObject="8EAAF1EA-A9FD-73D3-62CF-12EA49E81E5F" localFKIndex="990286E6-512F-1D00-C65E-F0EA6E6AC5D0" name="Reserva_Vuelo_FK">
<createdBy>Marcelo Bernabé</createdBy>
<createdTime>2025-08-18 01:53:47 UTC</createdTime>
<generatorID>D172E958-8F7F-B3B3-FAD1-9F42555FC64F</generatorID>
<ownerDesignName>Entrega1</ownerDesignName>
<referredTableLongName>Vuelo</referredTableLongName>
<deleteRule>NO ACTION</deleteRule>
<referredTableID>12B8D0A5-D65B-F9EF-8EF4-BB978CA041C7</referredTableID>
<keyObject>C5277AB4-8008-C121-77A1-EF064CB86FBD</keyObject>
<referredKeyID>C5277AB4-8008-C121-77A1-EF064CB86FBD</referredKeyID>
<mandatory>true</mandatory>
<refColNames>ID_Vuelo</refColNames>
<transferable>true</transferable>
<rely>false</rely>
<columnDependencyConstraintGenerateInDDL>true</columnDependencyConstraintGenerateInDDL>
</FKIndexAssociation>