<?xml version = '1.0' encoding = 'UTF-8'?>
<FKIndexAssociation class="oracle.dbtools.crest.model.design.relational.FKIndexAssociation" directorySegmentName="seg_0" id="D2C59551-17DD-8FD2-3D48-3BF1A1DABE10" containerWithKeyObject="8EAAF1EA-A9FD-73D3-62CF-12EA49E81E5F" localFKIndex="C63CC39B-4F25-9D6E-4A4B-AA05D661B2EF" name="Reserva_Pasajero_FK">
<createdBy>Marcelo Bernabé</createdBy>
<createdTime>2025-08-18 01:53:47 UTC</createdTime>
<generatorID>E78ABFBA-C9DF-1093-199F-11F4341FFA94</generatorID>
<ownerDesignName>Entrega1</ownerDesignName>
<referredTableLongName>Pasajero</referredTableLongName>
<deleteRule>NO ACTION</deleteRule>
<referredTableID>7BE2D98E-1A02-427A-79D8-6A5821F20694</referredTableID>
<keyObject>DC6355A2-3054-514F-EF0B-3C06E2EC8821</keyObject>
<referredKeyID>DC6355A2-3054-514F-EF0B-3C06E2EC8821</referredKeyID>
<mandatory>true</mandatory>
<refColNames>ID_Pasajero</refColNames>
<transferable>true</transferable>
<rely>false</rely>
<columnDependencyConstraintGenerateInDDL>true</columnDependencyConstraintGenerateInDDL>
</FKIndexAssociation>