<?xml version = '1.0' encoding = 'UTF-8'?>
<Relation class="oracle.dbtools.crest.model.design.logical.Relation" name="Relation_4" directorySegmentName="seg_0" id="417B41F0-2CE4-606B-9384-E27A16C23FC9">
<createdBy>Marcelo Bernabé</createdBy>
<createdTime>2025-08-18 01:51:32 UTC</createdTime>
<ownerDesignName>Entrega1</ownerDesignName>
<engineerTo>
<item key="1CBF18E2-CA85-C765-A237-63632E4F0FF2" value="true"/>
</engineerTo>
<sourcePk>73DC8590-246C-A3BB-1535-C488C355AE58</sourcePk>
<identifying>true</identifying>
<optionalSource>true</optionalSource>
<optionalTarget>false</optionalTarget>
<sourceCardinality>1</sourceCardinality>
<sourceEntity>B8BEA72C-1A33-2029-3E00-2218C99EAE3D</sourceEntity>
<targetCardinalityString>*</targetCardinalityString>
<targetEntity>AB366D17-D056-5951-FCB1-0A89B9541345</targetEntity>
<transferable>true</transferable>
<deleteRule>NO ACTION</deleteRule>
</Relation>