<?xml version = '1.0' encoding = 'UTF-8'?>
<Relation class="oracle.dbtools.crest.model.design.logical.Relation" name="Relation_3" directorySegmentName="seg_0" id="D172E958-8F7F-B3B3-FAD1-9F42555FC64F">
<createdBy>Marcelo Bernabé</createdBy>
<createdTime>2025-08-18 01:50:26 UTC</createdTime>
<ownerDesignName>Entrega1</ownerDesignName>
<engineerTo>
<item key="1CBF18E2-CA85-C765-A237-63632E4F0FF2" value="true"/>
</engineerTo>
<sourcePk>8A660EE2-96DC-99AB-986F-808593ED5CB4</sourcePk>
<identifying>true</identifying>
<optionalSource>true</optionalSource>
<optionalTarget>false</optionalTarget>
<sourceCardinality>1</sourceCardinality>
<sourceEntity>226E8C68-D81B-1EA4-3BE6-2A0F8703E23E</sourceEntity>
<targetCardinalityString>*</targetCardinalityString>
<targetEntity>AB366D17-D056-5951-FCB1-0A89B9541345</targetEntity>
<transferable>true</transferable>
<deleteRule>NO ACTION</deleteRule>
</Relation>