<?xml version = '1.0' encoding = 'UTF-8'?>
<Relation class="oracle.dbtools.crest.model.design.logical.Relation" name="Relation_5" directorySegmentName="seg_0" id="E78ABFBA-C9DF-1093-199F-11F4341FFA94">
<createdBy>Marcelo Bernabé</createdBy>
<createdTime>2025-08-18 01:52:29 UTC</createdTime>
<ownerDesignName>Entrega1</ownerDesignName>
<engineerTo>
<item key="1CBF18E2-CA85-C765-A237-63632E4F0FF2" value="true"/>
</engineerTo>
<sourcePk>03009011-2C0D-45F7-79E0-BFD111710E1F</sourcePk>
<identifying>true</identifying>
<optionalSource>true</optionalSource>
<optionalTarget>false</optionalTarget>
<sourceCardinality>1</sourceCardinality>
<sourceEntity>9F86D177-A228-5DFB-0676-DECA05EEA3F7</sourceEntity>
<targetCardinalityString>*</targetCardinalityString>
<targetEntity>AB366D17-D056-5951-FCB1-0A89B9541345</targetEntity>
<transferable>true</transferable>
<deleteRule>NO ACTION</deleteRule>
</Relation>