<?xml version = '1.0' encoding = 'UTF-8'?>
<Table class="oracle.dbtools.crest.model.design.relational.Table" directorySegmentName="seg_0" id="8525FE0B-6A3D-F9BB-EEE8-BE2AF66ADC08" name="Administrativo">
<createdBy>Marcelo Bernabé</createdBy>
<createdTime>2025-08-22 21:14:41 UTC</createdTime>
<generatorID>17854F9F-EB03-04AA-61C3-646FA5353B85</generatorID>
<ownerDesignName>Entrega semana 2 BDD</ownerDesignName>
<allowColumnReorder>false</allowColumnReorder>
<existDependencyGenerateInDDl>true</existDependencyGenerateInDDl>
<parsed>true</parsed>
<columns itemClass="oracle.dbtools.crest.model.design.relational.Column">
<Column name="RUT_empleado" id="72501A92-64AE-A3E0-741D-2AF66682E56A">
<createdBy>Marcelo Bernabé</createdBy>
<createdTime>2025-08-22 21:14:41 UTC</createdTime>
<generatorID>8353D922-CE5C-0B94-4557-390600025168</generatorID>
<ownerDesignName>Entrega semana 2 BDD</ownerDesignName>
<useDomainConstraints>false</useDomainConstraints>
<use>1</use>
<logicalDatatype>LOGDT024</logicalDatatype>
<dataTypeSize>12</dataTypeSize>
<ownDataTypeParameters>,,</ownDataTypeParameters>
<autoIncrementCycle>false</autoIncrementCycle>
<associations>
<colAssociation fkAssociation="2AC8685B-7A6E-6D12-D146-2F12AD309FB6" referredColumn="7C30D6F1-B7F3-62AD-940B-D8F84B8C6142"/>
</associations>
</Column>
<Column name="horas_extras" id="7ABFD1D7-81C7-1BD8-0F3E-6F55BF4CA944">
<createdBy>Marcelo Bernabé</createdBy>
<createdTime>2025-08-22 21:14:41 UTC</createdTime>
<generatorID>2ECEED5F-2B88-593C-7B33-B9A5C4C0B95E</generatorID>
<ownerDesignName>Entrega semana 2 BDD</ownerDesignName>
<useDomainConstraints>false</useDomainConstraints>
<use>1</use>
<logicalDatatype>LOGDT019</logicalDatatype>
<dataTypePrecision>4</dataTypePrecision>
<ownDataTypeParameters>,4,</ownDataTypeParameters>
<autoIncrementCycle>false</autoIncrementCycle>
</Column>
<Column name="afp" id="3EFE0761-BB46-5946-799A-4C16DFDDA4CA">
<createdBy>Marcelo Bernabé</createdBy>
<createdTime>2025-08-22 21:14:41 UTC</createdTime>
<generatorID>0C17ADE1-449A-1261-76A9-9157B7322C15</generatorID>
<ownerDesignName>Entrega semana 2 BDD</ownerDesignName>
<useDomainConstraints>false</useDomainConstraints>
<use>1</use>
<logicalDatatype>LOGDT024</logicalDatatype>
<dataTypeSize>30</dataTypeSize>
<ownDataTypeParameters>30,,</ownDataTypeParameters>
<autoIncrementCycle>false</autoIncrementCycle>
</Column>
</columns>
<indexes itemClass="oracle.dbtools.crest.model.design.relational.Index">
<ind_PK_UK id="260A380F-44FC-F071-E599-CEA0E86EEF0C" name="Administrativo_PK">
<createdBy>Marcelo Bernabé</createdBy>
<createdTime>2025-08-22 21:14:41 UTC</createdTime>
<generatorID>D483388D-B994-24C4-69FC-B5D09B61F85C</generatorID>
<ownerDesignName>Entrega semana 2 BDD</ownerDesignName>
<pk>true</pk>
<indexState>Primary Constraint</indexState>
<isSurrogateKey>false</isSurrogateKey>
<indexColumnUsage>
<colUsage columnID="72501A92-64AE-A3E0-741D-2AF66682E56A"/>
</indexColumnUsage>
</ind_PK_UK>
<ind_PK_UK id="803AA6AA-49BE-E3C7-2C6C-7E8EDFC74386" name="Administrativo_Empleado_FK">
<createdBy>Marcelo Bernabé</createdBy>
<createdTime>2025-08-22 21:14:41 UTC</createdTime>
<generatorID>791C0447-A289-499F-B9CB-C2570AA4B5C7</generatorID>
<ownerDesignName>Entrega semana 2 BDD</ownerDesignName>
<indexState>Foreign Key</indexState>
<isSurrogateKey>false</isSurrogateKey>
<indexColumnUsage>
<colUsage columnID="72501A92-64AE-A3E0-741D-2AF66682E56A"/>
</indexColumnUsage>
</ind_PK_UK>
</indexes>
</Table>