<?xml version = '1.0' encoding = 'UTF-8'?>
<Table class="oracle.dbtools.crest.model.design.relational.Table" directorySegmentName="seg_0" id="BEC11699-7532-974A-58BF-1B120244A2D7" name="Piloto">
<createdBy>Marcelo Bernabé</createdBy>
<createdTime>2025-08-22 21:14:41 UTC</createdTime>
<generatorID>8DDA161C-44CF-BFE9-C9A9-577696984C7B</generatorID>
<ownerDesignName>Entrega semana 2 BDD</ownerDesignName>
<allowColumnReorder>false</allowColumnReorder>
<existDependencyGenerateInDDl>true</existDependencyGenerateInDDl>
<parsed>true</parsed>
<columns itemClass="oracle.dbtools.crest.model.design.relational.Column">
<Column name="RUT_empleado" id="6E65A4C2-ABD9-E908-F81C-D15C7C384998">
<createdBy>Marcelo Bernabé</createdBy>
<createdTime>2025-08-22 21:14:41 UTC</createdTime>
<generatorID>8353D922-CE5C-0B94-4557-390600025168</generatorID>
<ownerDesignName>Entrega semana 2 BDD</ownerDesignName>
<useDomainConstraints>false</useDomainConstraints>
<use>1</use>
<logicalDatatype>LOGDT024</logicalDatatype>
<dataTypeSize>12</dataTypeSize>
<ownDataTypeParameters>,,</ownDataTypeParameters>
<autoIncrementCycle>false</autoIncrementCycle>
<associations>
<colAssociation fkAssociation="CC31241B-1A7A-33E9-E140-D3D54E8B50F5" referredColumn="7C30D6F1-B7F3-62AD-940B-D8F84B8C6142"/>
</associations>
</Column>
<Column name="horas_vuelo" id="8E04FCE6-B469-5E54-770C-1AC674A8E3E7">
<createdBy>Marcelo Bernabé</createdBy>
<createdTime>2025-08-22 21:14:41 UTC</createdTime>
<generatorID>8B73D636-60E8-0A87-776D-AE110C067717</generatorID>
<ownerDesignName>Entrega semana 2 BDD</ownerDesignName>
<useDomainConstraints>false</useDomainConstraints>
<use>1</use>
<logicalDatatype>LOGDT019</logicalDatatype>
<dataTypePrecision>6</dataTypePrecision>
<ownDataTypeParameters>,6,</ownDataTypeParameters>
<autoIncrementCycle>false</autoIncrementCycle>
</Column>
<Column name="afp" id="E443879E-EA59-E3C6-D663-F323FF17A066">
<createdBy>Marcelo Bernabé</createdBy>
<createdTime>2025-08-22 21:14:41 UTC</createdTime>
<generatorID>5ADA2676-0AF2-539F-3721-8741C3BA5C7D</generatorID>
<ownerDesignName>Entrega semana 2 BDD</ownerDesignName>
<useDomainConstraints>false</useDomainConstraints>
<use>1</use>
<logicalDatatype>LOGDT024</logicalDatatype>
<dataTypeSize>30</dataTypeSize>
<ownDataTypeParameters>30,,</ownDataTypeParameters>
<autoIncrementCycle>false</autoIncrementCycle>
</Column>
</columns>
<indexes itemClass="oracle.dbtools.crest.model.design.relational.Index">
<ind_PK_UK id="B2D02345-8E48-4696-BD9D-3C735676055D" name="Piloto_PK">
<createdBy>Marcelo Bernabé</createdBy>
<createdTime>2025-08-22 21:14:41 UTC</createdTime>
<generatorID>D483388D-B994-24C4-69FC-B5D09B61F85C</generatorID>
<ownerDesignName>Entrega semana 2 BDD</ownerDesignName>
<pk>true</pk>
<indexState>Primary Constraint</indexState>
<isSurrogateKey>false</isSurrogateKey>
<indexColumnUsage>
<colUsage columnID="6E65A4C2-ABD9-E908-F81C-D15C7C384998"/>
</indexColumnUsage>
</ind_PK_UK>
<ind_PK_UK id="EEF7855E-C573-E89A-94FA-9F0EFA8BB1E1" name="Piloto_Empleado_FK">
<createdBy>Marcelo Bernabé</createdBy>
<createdTime>2025-08-22 21:14:41 UTC</createdTime>
<generatorID>3E40B031-526D-BFAE-5487-01C6FCEA0C39</generatorID>
<ownerDesignName>Entrega semana 2 BDD</ownerDesignName>
<indexState>Foreign Key</indexState>
<isSurrogateKey>false</isSurrogateKey>
<indexColumnUsage>
<colUsage columnID="6E65A4C2-ABD9-E908-F81C-D15C7C384998"/>
</indexColumnUsage>
</ind_PK_UK>
</indexes>
</Table>