<?xml version = '1.0' encoding = 'UTF-8'?>
<Table class="oracle.dbtools.crest.model.design.relational.Table" directorySegmentName="seg_0" id="0C267B65-0440-0AF5-1A7A-BEDE89AA8B71" name="ATENCION_MEDICA">
<sourceDDLFile>BDD 2.sql</sourceDDLFile>
<createdBy>Marcelo Bernabé</createdBy>
<createdTime>2025-09-12 18:02:07 UTC</createdTime>
<ownerDesignName>Entrega semana 5</ownerDesignName>
<importedID>24D2C66D-C6D2-D4DE-9E40-93CAEA302438</importedID>
<allowColumnReorder>false</allowColumnReorder>
<existDependencyGenerateInDDl>true</existDependencyGenerateInDDl>
<parsed>true</parsed>
<columns itemClass="oracle.dbtools.crest.model.design.relational.Column">
<Column name="id_atencion" id="80460AB9-3806-5052-0206-A7C66B6DD255">
<sourceDDLFile>BDD 2.sql</sourceDDLFile>
<createdBy>Marcelo Bernabé</createdBy>
<createdTime>2025-09-12 18:02:07 UTC</createdTime>
<ownerDesignName>Entrega semana 5</ownerDesignName>
<importedID>9D0FFE72-481E-254A-1B44-8B34CC63EC8B</importedID>
<use>0</use>
<logicalDatatype>LOGDT019</logicalDatatype>
<domain>20975FF7-6BEE-504D-860A-40EA9D8892A7</domain>
<ownDataTypeParameters>,,</ownDataTypeParameters>
<autoIncrementCycle>false</autoIncrementCycle>
</Column>
<Column name="fecha_atencion" id="303F0CDE-849E-6DE4-0CF2-B0E8D393122F">
<sourceDDLFile>BDD 2.sql</sourceDDLFile>
<createdBy>Marcelo Bernabé</createdBy>
<createdTime>2025-09-12 18:02:07 UTC</createdTime>
<ownerDesignName>Entrega semana 5</ownerDesignName>
<importedID>5AF6A13A-F2A6-ED28-7758-5B1942B68A6D</importedID>
<use>0</use>
<logicalDatatype>LOGDT007</logicalDatatype>
<domain>280441F5-F680-6711-1F9E-A93622CF058C</domain>
<ownDataTypeParameters>,,</ownDataTypeParameters>
<autoIncrementCycle>false</autoIncrementCycle>
</Column>
<Column name="tipo_atencion" id="4E8BFCDD-7917-FF6F-820C-A18208F61F42">
<sourceDDLFile>BDD 2.sql</sourceDDLFile>
<createdBy>Marcelo Bernabé</createdBy>
<createdTime>2025-09-12 18:02:07 UTC</createdTime>
<ownerDesignName>Entrega semana 5</ownerDesignName>
<importedID>EA200CA3-1891-42A2-8030-73E68ACB22AC</importedID>
<useDomainConstraints>false</useDomainConstraints>
<use>0</use>
<logicalDatatype>LOGDT024</logicalDatatype>
<domain>84E8DF83-EF0B-1554-1E1C-41678D26711C</domain>
<listOfValues>
<valueDef value="GENERAL" description=""/>
<valueDef value="PREVENTIVA" description=""/>
<valueDef value="URGENCIA" description=""/>
</listOfValues>
<ownDataTypeParameters>,,</ownDataTypeParameters>
<autoIncrementCycle>false</autoIncrementCycle>
</Column>
<Column name="diagnostico" id="80583BAB-C09F-60DC-F88C-D6DBEA42BEA2">
<sourceDDLFile>BDD 2.sql</sourceDDLFile>
<createdBy>Marcelo Bernabé</createdBy>
<createdTime>2025-09-12 18:02:07 UTC</createdTime>
<ownerDesignName>Entrega semana 5</ownerDesignName>
<importedID>98B4EF42-9C09-D930-91D0-5AB896F9211B</importedID>
<nullsAllowed>true</nullsAllowed>
<use>0</use>
<logicalDatatype>LOGDT028</logicalDatatype>
<domain>9C593FFE-4657-FF7C-18E9-FE1D4A0609A8</domain>
<ownDataTypeParameters>,,</ownDataTypeParameters>
<autoIncrementCycle>false</autoIncrementCycle>
</Column>
<Column name="PACIENTE_rut_paciente" id="DF1FF82E-28F8-3F74-3DE9-C76361DF9882">
<sourceDDLFile>BDD 2.sql</sourceDDLFile>
<createdBy>Marcelo Bernabé</createdBy>
<createdTime>2025-09-12 18:02:07 UTC</createdTime>
<ownerDesignName>Entrega semana 5</ownerDesignName>
<importedID>403D0211-B8C8-CA31-2BBE-23A5D0EEE0EE</importedID>
<use>0</use>
<logicalDatatype>LOGDT024</logicalDatatype>
<domain>F3258D8D-716D-2FDA-DC8F-4E5192E0B362</domain>
<ownDataTypeParameters>,,</ownDataTypeParameters>
<autoIncrementCycle>false</autoIncrementCycle>
<associations>
<colAssociation fkAssociation="4CAA1FB4-E565-FFF7-D4EE-DB0C8AE6D693" referredColumn="AAAD506F-C7B3-9727-EC42-F2F3BDDFCD9C"/>
</associations>
</Column>
<Column name="MEDICO_rut_medico" id="240B3D4E-B552-B648-22CE-2F6674289CE5">
<sourceDDLFile>BDD 2.sql</sourceDDLFile>
<createdBy>Marcelo Bernabé</createdBy>
<createdTime>2025-09-12 18:02:07 UTC</createdTime>
<ownerDesignName>Entrega semana 5</ownerDesignName>
<importedID>58DF8FD2-1CD3-865D-0F00-A37C5BF8875F</importedID>
<use>0</use>
<logicalDatatype>LOGDT024</logicalDatatype>
<domain>F3258D8D-716D-2FDA-DC8F-4E5192E0B362</domain>
<ownDataTypeParameters>,,</ownDataTypeParameters>
<autoIncrementCycle>false</autoIncrementCycle>
<associations>
<colAssociation fkAssociation="615835D6-291D-3C14-40D8-F3C7BCFC5E1F" referredColumn="7C8C542F-7E1E-98F5-9B06-219EB336275D"/>
</associations>
</Column>
</columns>
<indexes itemClass="oracle.dbtools.crest.model.design.relational.Index">
<ind_PK_UK id="1E561025-B0AE-9FC2-C636-A9808572BAD3" name="ATENCION_MEDICA_PK">
<sourceDDLFile>BDD 2.sql</sourceDDLFile>
<createdBy>Marcelo Bernabé</createdBy>
<createdTime>2025-09-12 18:02:07 UTC</createdTime>
<ownerDesignName>Entrega semana 5</ownerDesignName>
<importedID>D71B3EA0-0324-317A-84FD-47C6FF65796F</importedID>
<pk>true</pk>
<indexState>Primary Constraint</indexState>
<isSurrogateKey>false</isSurrogateKey>
<indexColumnUsage>
<colUsage columnID="80460AB9-3806-5052-0206-A7C66B6DD255"/>
</indexColumnUsage>
</ind_PK_UK>
<ind_PK_UK id="AFC446AA-DE43-8E11-F543-545E025DBF9B" name="idx_atencion_fecha">
<sourceDDLFile>BDD 2.sql</sourceDDLFile>
<createdBy>Marcelo Bernabé</createdBy>
<createdTime>2025-09-12 18:02:07 UTC</createdTime>
<ownerDesignName>Entrega semana 5</ownerDesignName>
<importedID>89056125-452C-6DB7-2C63-FA08F530D602</importedID>
<isSurrogateKey>false</isSurrogateKey>
<indexColumnUsage>
<colUsage columnID="303F0CDE-849E-6DE4-0CF2-B0E8D393122F"/>
</indexColumnUsage>
</ind_PK_UK>
<ind_PK_UK id="7A1745E8-FBA1-2A82-D939-63CDDEA1EFED" name="ATENCION_MEDICA_MEDICO_FK">
<createdBy>Marcelo Bernabé</createdBy>
<createdTime>2025-09-12 18:02:07 UTC</createdTime>
<ownerDesignName>Entrega semana 5</ownerDesignName>
<indexState>Foreign Key</indexState>
<isSurrogateKey>false</isSurrogateKey>
<indexColumnUsage>
<colUsage columnID="240B3D4E-B552-B648-22CE-2F6674289CE5"/>
</indexColumnUsage>
</ind_PK_UK>
<ind_PK_UK id="5456FF6F-E6D4-FF42-257B-2B9D967D8ED9" name="ATENCION_MEDICA_PACIENTE_FK">
<createdBy>Marcelo Bernabé</createdBy>
<createdTime>2025-09-12 18:02:07 UTC</createdTime>
<ownerDesignName>Entrega semana 5</ownerDesignName>
<indexState>Foreign Key</indexState>
<isSurrogateKey>false</isSurrogateKey>
<indexColumnUsage>
<colUsage columnID="DF1FF82E-28F8-3F74-3DE9-C76361DF9882"/>
</indexColumnUsage>
</ind_PK_UK>
</indexes>
</Table>