<?xml version = '1.0' encoding = 'UTF-8'?>
<Table class="oracle.dbtools.crest.model.design.relational.Table" directorySegmentName="seg_0" id="2F4CE8C8-36BA-45A6-F33D-2339A51A5AA6" name="INSTITUCION_SALUD">
<sourceDDLFile>BDD 2.sql</sourceDDLFile>
<createdBy>Marcelo Bernabé</createdBy>
<createdTime>2025-09-12 18:02:07 UTC</createdTime>
<ownerDesignName>Entrega semana 5</ownerDesignName>
<importedID>30181CC7-6AC5-4698-52BD-4A257FA80F96</importedID>
<allowColumnReorder>false</allowColumnReorder>
<existDependencyGenerateInDDl>true</existDependencyGenerateInDDl>
<parsed>true</parsed>
<columns itemClass="oracle.dbtools.crest.model.design.relational.Column">
<Column name="id_institucion" id="C37E33D0-04C0-FE96-D7B1-F14280454AFC">
<sourceDDLFile>BDD 2.sql</sourceDDLFile>
<createdBy>Marcelo Bernabé</createdBy>
<createdTime>2025-09-12 18:02:07 UTC</createdTime>
<ownerDesignName>Entrega semana 5</ownerDesignName>
<importedID>9E58B73C-2D3D-B596-6608-2DB96951FA05</importedID>
<use>0</use>
<logicalDatatype>LOGDT019</logicalDatatype>
<domain>20975FF7-6BEE-504D-860A-40EA9D8892A7</domain>
<ownDataTypeParameters>,,</ownDataTypeParameters>
<autoIncrementCycle>false</autoIncrementCycle>
</Column>
<Column name="nombre" id="6D719E56-DE05-969C-3C34-06EDFF7C448A">
<sourceDDLFile>BDD 2.sql</sourceDDLFile>
<createdBy>Marcelo Bernabé</createdBy>
<createdTime>2025-09-12 18:02:07 UTC</createdTime>
<ownerDesignName>Entrega semana 5</ownerDesignName>
<importedID>7145178E-08C1-6A10-B5E4-ED91AD17A8B7</importedID>
<use>0</use>
<logicalDatatype>LOGDT024</logicalDatatype>
<domain>D7587E52-CD1E-98C4-7065-D1B919CC9FED</domain>
<ownDataTypeParameters>,,</ownDataTypeParameters>
<autoIncrementCycle>false</autoIncrementCycle>
</Column>
<Column name="codigo" id="5545D18C-9028-AE6E-9F93-035BFED9EB09">
<sourceDDLFile>BDD 2.sql</sourceDDLFile>
<createdBy>Marcelo Bernabé</createdBy>
<createdTime>2025-09-12 18:02:07 UTC</createdTime>
<ownerDesignName>Entrega semana 5</ownerDesignName>
<importedID>95967FBE-C532-714E-2303-E9F5DC8AA409</importedID>
<use>0</use>
<logicalDatatype>LOGDT024</logicalDatatype>
<domain>DD0886A4-4F89-E318-0760-84B8025DB1A7</domain>
<ownDataTypeParameters>,,</ownDataTypeParameters>
<autoIncrementCycle>false</autoIncrementCycle>
</Column>
<Column name="tipo" id="716336AA-792B-7214-1B61-441AE5D60AF1">
<sourceDDLFile>BDD 2.sql</sourceDDLFile>
<createdBy>Marcelo Bernabé</createdBy>
<createdTime>2025-09-12 18:02:07 UTC</createdTime>
<ownerDesignName>Entrega semana 5</ownerDesignName>
<importedID>9DC1F252-586D-D726-4D76-377F771DCA51</importedID>
<useDomainConstraints>false</useDomainConstraints>
<use>0</use>
<logicalDatatype>LOGDT024</logicalDatatype>
<domain>DD0886A4-4F89-E318-0760-84B8025DB1A7</domain>
<listOfValues>
<valueDef value="FONASA" description=""/>
<valueDef value="ISAPRE" description=""/>
</listOfValues>
<ownDataTypeParameters>,,</ownDataTypeParameters>
<autoIncrementCycle>false</autoIncrementCycle>
</Column>
</columns>
<indexes itemClass="oracle.dbtools.crest.model.design.relational.Index">
<ind_PK_UK id="F7E00962-F7E7-1C43-BD07-39DB31CB7CC7" name="INSTITUCION_SALUD_PK">
<sourceDDLFile>BDD 2.sql</sourceDDLFile>
<createdBy>Marcelo Bernabé</createdBy>
<createdTime>2025-09-12 18:02:07 UTC</createdTime>
<ownerDesignName>Entrega semana 5</ownerDesignName>
<importedID>5CC9ABA5-B376-5282-D26A-C743133C8E72</importedID>
<pk>true</pk>
<indexState>Primary Constraint</indexState>
<isSurrogateKey>false</isSurrogateKey>
<indexColumnUsage>
<colUsage columnID="C37E33D0-04C0-FE96-D7B1-F14280454AFC"/>
</indexColumnUsage>
</ind_PK_UK>
<ind_PK_UK id="8AA94FC7-21BD-2A98-289B-5E7DA73CE816" name="INSTITUCION_SALUD_codigo_UN">
<sourceDDLFile>BDD 2.sql</sourceDDLFile>
<createdBy>Marcelo Bernabé</createdBy>
<createdTime>2025-09-12 18:02:07 UTC</createdTime>
<ownerDesignName>Entrega semana 5</ownerDesignName>
<importedID>A5CCAA43-42CF-C618-2F18-AFBB7C0DF65E</importedID>
<indexState>Unique Constraint</indexState>
<isSurrogateKey>false</isSurrogateKey>
<indexColumnUsage>
<colUsage columnID="5545D18C-9028-AE6E-9F93-035BFED9EB09"/>
</indexColumnUsage>
</ind_PK_UK>
</indexes>
</Table>