<?xml version = '1.0' encoding = 'UTF-8'?>
<Table class="oracle.dbtools.crest.model.design.relational.Table" directorySegmentName="seg_0" id="6C74DD57-1E10-81CF-167D-F2AB6EB3E43A" name="PACIENTE">
<sourceDDLFile>BDD 2.sql</sourceDDLFile>
<createdBy>Marcelo Bernabé</createdBy>
<createdTime>2025-09-12 18:02:07 UTC</createdTime>
<ownerDesignName>Entrega semana 5</ownerDesignName>
<importedID>795E293F-0055-5D3F-4A65-8C969B62E414</importedID>
<allowColumnReorder>false</allowColumnReorder>
<existDependencyGenerateInDDl>true</existDependencyGenerateInDDl>
<parsed>true</parsed>
<columns itemClass="oracle.dbtools.crest.model.design.relational.Column">
<Column name="rut_paciente" id="AAAD506F-C7B3-9727-EC42-F2F3BDDFCD9C">
<sourceDDLFile>BDD 2.sql</sourceDDLFile>
<createdBy>Marcelo Bernabé</createdBy>
<createdTime>2025-09-12 18:02:07 UTC</createdTime>
<ownerDesignName>Entrega semana 5</ownerDesignName>
<importedID>4943E56E-1751-51B1-1C3D-4A2CA6BFB34B</importedID>
<use>0</use>
<logicalDatatype>LOGDT024</logicalDatatype>
<domain>F3258D8D-716D-2FDA-DC8F-4E5192E0B362</domain>
<ownDataTypeParameters>,,</ownDataTypeParameters>
<autoIncrementCycle>false</autoIncrementCycle>
</Column>
<Column name="nombre" id="F17547C3-3167-15C7-A636-4A3E0E9E24DF">
<sourceDDLFile>BDD 2.sql</sourceDDLFile>
<createdBy>Marcelo Bernabé</createdBy>
<createdTime>2025-09-12 18:02:07 UTC</createdTime>
<ownerDesignName>Entrega semana 5</ownerDesignName>
<importedID>C60C11E9-A46B-5E90-55BE-710FF618190D</importedID>
<use>0</use>
<logicalDatatype>LOGDT024</logicalDatatype>
<domain>B9099BA9-D003-4C14-AA94-AE48D3EA8517</domain>
<ownDataTypeParameters>,,</ownDataTypeParameters>
<autoIncrementCycle>false</autoIncrementCycle>
</Column>
<Column name="sexo" id="0D6EAB70-57AE-FE7F-F88E-E984FC22142D">
<sourceDDLFile>BDD 2.sql</sourceDDLFile>
<createdBy>Marcelo Bernabé</createdBy>
<createdTime>2025-09-12 18:02:07 UTC</createdTime>
<ownerDesignName>Entrega semana 5</ownerDesignName>
<importedID>61DB88A5-E18A-B507-020D-A8A50D79CAC3</importedID>
<useDomainConstraints>false</useDomainConstraints>
<use>0</use>
<logicalDatatype>LOGDT025</logicalDatatype>
<domain>D1CDFEF3-3F47-AFF5-E2C1-514A2DBF7396</domain>
<listOfValues>
<valueDef value="F" description=""/>
<valueDef value="M" description=""/>
<valueDef value="O" description=""/>
</listOfValues>
<ownDataTypeParameters>,,</ownDataTypeParameters>
<autoIncrementCycle>false</autoIncrementCycle>
</Column>
<Column name="fecha_nacimiento" id="44E77231-9D30-D5C7-288B-A8F0DAFF9E1E">
<sourceDDLFile>BDD 2.sql</sourceDDLFile>
<createdBy>Marcelo Bernabé</createdBy>
<createdTime>2025-09-12 18:02:07 UTC</createdTime>
<ownerDesignName>Entrega semana 5</ownerDesignName>
<importedID>DC81DE6E-8578-ECB9-DA9D-2953B987B7BB</importedID>
<use>0</use>
<logicalDatatype>LOGDT007</logicalDatatype>
<domain>280441F5-F680-6711-1F9E-A93622CF058C</domain>
<ownDataTypeParameters>,,</ownDataTypeParameters>
<autoIncrementCycle>false</autoIncrementCycle>
</Column>
<Column name="direccion" id="52731710-1DC5-DB01-3754-98CE776778F6">
<sourceDDLFile>BDD 2.sql</sourceDDLFile>
<createdBy>Marcelo Bernabé</createdBy>
<createdTime>2025-09-12 18:02:07 UTC</createdTime>
<ownerDesignName>Entrega semana 5</ownerDesignName>
<importedID>A9C7FB1E-1AC3-647B-538A-9C39CEE320A9</importedID>
<nullsAllowed>true</nullsAllowed>
<use>0</use>
<logicalDatatype>LOGDT024</logicalDatatype>
<domain>71F49B64-2AAA-684B-D309-60AB98AAC511</domain>
<ownDataTypeParameters>,,</ownDataTypeParameters>
<autoIncrementCycle>false</autoIncrementCycle>
</Column>
<Column name="COMUNA_id_comuna" id="81A50385-C614-C6B2-E1E1-7398C1CC5FE8">
<sourceDDLFile>BDD 2.sql</sourceDDLFile>
<createdBy>Marcelo Bernabé</createdBy>
<createdTime>2025-09-12 18:02:07 UTC</createdTime>
<ownerDesignName>Entrega semana 5</ownerDesignName>
<importedID>3D16B580-CF0B-68C3-0E07-A0166DC46BBC</importedID>
<use>0</use>
<logicalDatatype>LOGDT019</logicalDatatype>
<domain>20975FF7-6BEE-504D-860A-40EA9D8892A7</domain>
<ownDataTypeParameters>,,</ownDataTypeParameters>
<autoIncrementCycle>false</autoIncrementCycle>
<associations>
<colAssociation fkAssociation="08480A4D-58E1-FA48-E4E7-B313735DEDCE" referredColumn="EB6D374E-1390-534E-483C-FF64457B8899"/>
</associations>
</Column>
<Column name="tipo_usuario" id="5AE84304-AE76-F3BA-5D37-900D0A615A95">
<sourceDDLFile>BDD 2.sql</sourceDDLFile>
<createdBy>Marcelo Bernabé</createdBy>
<createdTime>2025-09-12 18:02:07 UTC</createdTime>
<ownerDesignName>Entrega semana 5</ownerDesignName>
<importedID>3B96D958-7E0C-0A84-2307-A34F99793DFF</importedID>
<useDomainConstraints>false</useDomainConstraints>
<use>0</use>
<logicalDatatype>LOGDT024</logicalDatatype>
<domain>84E8DF83-EF0B-1554-1E1C-41678D26711C</domain>
<listOfValues>
<valueDef value="ESTUDIANTE" description=""/>
<valueDef value="EXTERNO" description=""/>
<valueDef value="FUNCIONARIO" description=""/>
</listOfValues>
<ownDataTypeParameters>,,</ownDataTypeParameters>
<autoIncrementCycle>false</autoIncrementCycle>
</Column>
</columns>
<indexes itemClass="oracle.dbtools.crest.model.design.relational.Index">
<ind_PK_UK id="141C5F38-32C9-1D87-04A3-B6CF8A43CCD3" name="PACIENTE_PK">
<sourceDDLFile>BDD 2.sql</sourceDDLFile>
<createdBy>Marcelo Bernabé</createdBy>
<createdTime>2025-09-12 18:02:07 UTC</createdTime>
<ownerDesignName>Entrega semana 5</ownerDesignName>
<importedID>7FD12C1E-B9B8-87A4-9A7E-2567B6260F32</importedID>
<pk>true</pk>
<indexState>Primary Constraint</indexState>
<isSurrogateKey>false</isSurrogateKey>
<indexColumnUsage>
<colUsage columnID="AAAD506F-C7B3-9727-EC42-F2F3BDDFCD9C"/>
</indexColumnUsage>
</ind_PK_UK>
<ind_PK_UK id="15FBE68C-7A63-92B8-C1EB-81A7C9289F01" name="idx_paciente_comuna">
<sourceDDLFile>BDD 2.sql</sourceDDLFile>
<createdBy>Marcelo Bernabé</createdBy>
<createdTime>2025-09-12 18:02:07 UTC</createdTime>
<ownerDesignName>Entrega semana 5</ownerDesignName>
<importedID>2DBD60DF-3EDD-497D-C411-3A5715325B25</importedID>
<isSurrogateKey>false</isSurrogateKey>
<indexColumnUsage>
<colUsage columnID="81A50385-C614-C6B2-E1E1-7398C1CC5FE8"/>
</indexColumnUsage>
</ind_PK_UK>
<ind_PK_UK id="032478F7-DF50-4B35-CD03-569B383B72C9" name="PACIENTE_COMUNA_FK">
<createdBy>Marcelo Bernabé</createdBy>
<createdTime>2025-09-12 18:02:07 UTC</createdTime>
<ownerDesignName>Entrega semana 5</ownerDesignName>
<indexState>Foreign Key</indexState>
<isSurrogateKey>false</isSurrogateKey>
<indexColumnUsage>
<colUsage columnID="81A50385-C614-C6B2-E1E1-7398C1CC5FE8"/>
</indexColumnUsage>
</ind_PK_UK>
</indexes>
</Table>