<?xml version = '1.0' encoding = 'UTF-8'?>
<Table class="oracle.dbtools.crest.model.design.relational.Table" directorySegmentName="seg_0" id="ACA35F6F-1AF1-EB51-8AC7-CC8C013FBE03" name="SOLICITUD_EXAMEN">
<sourceDDLFile>BDD 2.sql</sourceDDLFile>
<createdBy>Marcelo Bernabé</createdBy>
<createdTime>2025-09-12 18:02:07 UTC</createdTime>
<ownerDesignName>Entrega semana 5</ownerDesignName>
<importedID>D28A9025-A930-82CB-2BB6-5CCF3212F0F4</importedID>
<allowColumnReorder>false</allowColumnReorder>
<existDependencyGenerateInDDl>true</existDependencyGenerateInDDl>
<parsed>true</parsed>
<columns itemClass="oracle.dbtools.crest.model.design.relational.Column">
<Column name="id_solicitud" id="71BDDCD9-EB86-A1F2-B5FA-F0739B002B51">
<sourceDDLFile>BDD 2.sql</sourceDDLFile>
<createdBy>Marcelo Bernabé</createdBy>
<createdTime>2025-09-12 18:02:07 UTC</createdTime>
<ownerDesignName>Entrega semana 5</ownerDesignName>
<importedID>83661B7E-27EB-4D9A-956B-11FD7872F6CE</importedID>
<use>0</use>
<logicalDatatype>LOGDT019</logicalDatatype>
<domain>20975FF7-6BEE-504D-860A-40EA9D8892A7</domain>
<ownDataTypeParameters>,,</ownDataTypeParameters>
<autoIncrementCycle>false</autoIncrementCycle>
</Column>
<Column name="fecha_solicitud" id="D615A9C7-5606-39BF-5E9E-426EE343549B">
<sourceDDLFile>BDD 2.sql</sourceDDLFile>
<createdBy>Marcelo Bernabé</createdBy>
<createdTime>2025-09-12 18:02:07 UTC</createdTime>
<ownerDesignName>Entrega semana 5</ownerDesignName>
<importedID>225DFAD5-CBB8-2CA2-EE50-4A18CDC95BAE</importedID>
<use>0</use>
<logicalDatatype>LOGDT007</logicalDatatype>
<domain>280441F5-F680-6711-1F9E-A93622CF058C</domain>
<ownDataTypeParameters>,,</ownDataTypeParameters>
<autoIncrementCycle>false</autoIncrementCycle>
</Column>
<Column name="ATENCION_MEDICA_id_atencion" id="BD2A48E3-9D2F-BB1E-1C30-90822D1AC4B4">
<sourceDDLFile>BDD 2.sql</sourceDDLFile>
<createdBy>Marcelo Bernabé</createdBy>
<createdTime>2025-09-12 18:02:07 UTC</createdTime>
<ownerDesignName>Entrega semana 5</ownerDesignName>
<importedID>8933C54C-CCAA-3928-A281-D598F890B92C</importedID>
<use>0</use>
<logicalDatatype>LOGDT019</logicalDatatype>
<domain>20975FF7-6BEE-504D-860A-40EA9D8892A7</domain>
<ownDataTypeParameters>,,</ownDataTypeParameters>
<autoIncrementCycle>false</autoIncrementCycle>
<associations>
<colAssociation fkAssociation="1746C24F-14DA-9C9C-2469-F7E384F058D9" referredColumn="80460AB9-3806-5052-0206-A7C66B6DD255"/>
</associations>
</Column>
<Column name="EXAMEN_LABORATORIO_id_examen" id="06BDF1C3-DED3-8212-A2B2-F0F579FF8A96">
<sourceDDLFile>BDD 2.sql</sourceDDLFile>
<createdBy>Marcelo Bernabé</createdBy>
<createdTime>2025-09-12 18:02:07 UTC</createdTime>
<ownerDesignName>Entrega semana 5</ownerDesignName>
<importedID>1633E3B5-FF72-E96C-605D-6723693BF49F</importedID>
<use>0</use>
<logicalDatatype>LOGDT019</logicalDatatype>
<domain>20975FF7-6BEE-504D-860A-40EA9D8892A7</domain>
<ownDataTypeParameters>,,</ownDataTypeParameters>
<autoIncrementCycle>false</autoIncrementCycle>
<associations>
<colAssociation fkAssociation="8E7259B0-33AA-FFC9-C6E3-0F9A10DB427B" referredColumn="F6107637-298C-A5F9-A60C-6281EA4D96A2"/>
</associations>
</Column>
</columns>
<indexes itemClass="oracle.dbtools.crest.model.design.relational.Index">
<ind_PK_UK id="8D7ABC59-0D5A-A695-E458-474AA4D48BBF" name="SOLICITUD_EXAMEN_PK">
<sourceDDLFile>BDD 2.sql</sourceDDLFile>
<createdBy>Marcelo Bernabé</createdBy>
<createdTime>2025-09-12 18:02:07 UTC</createdTime>
<ownerDesignName>Entrega semana 5</ownerDesignName>
<importedID>154082F3-114A-A445-DD4B-918454C159A6</importedID>
<pk>true</pk>
<indexState>Primary Constraint</indexState>
<isSurrogateKey>false</isSurrogateKey>
<indexColumnUsage>
<colUsage columnID="71BDDCD9-EB86-A1F2-B5FA-F0739B002B51"/>
</indexColumnUsage>
</ind_PK_UK>
<ind_PK_UK id="5C1F125D-DA33-8AA5-1D40-5A34D61C4C4D" name="idx_solicitud_atencion">
<sourceDDLFile>BDD 2.sql</sourceDDLFile>
<createdBy>Marcelo Bernabé</createdBy>
<createdTime>2025-09-12 18:02:07 UTC</createdTime>
<ownerDesignName>Entrega semana 5</ownerDesignName>
<importedID>CBD23412-7BFB-0D4D-BE9C-CBA771D6BBD8</importedID>
<isSurrogateKey>false</isSurrogateKey>
<indexColumnUsage>
<colUsage columnID="BD2A48E3-9D2F-BB1E-1C30-90822D1AC4B4"/>
</indexColumnUsage>
</ind_PK_UK>
<ind_PK_UK id="2F3D3455-B05D-20FB-5B72-56552D0A208F" name="SOLICITUD_EXAMEN_ATENCION_MEDICA_FK">
<createdBy>Marcelo Bernabé</createdBy>
<createdTime>2025-09-12 18:02:07 UTC</createdTime>
<ownerDesignName>Entrega semana 5</ownerDesignName>
<indexState>Foreign Key</indexState>
<isSurrogateKey>false</isSurrogateKey>
<indexColumnUsage>
<colUsage columnID="BD2A48E3-9D2F-BB1E-1C30-90822D1AC4B4"/>
</indexColumnUsage>
</ind_PK_UK>
<ind_PK_UK id="25FFBF15-2A2E-08AB-264A-9EC03FC3ECCC" name="SOLICITUD_EXAMEN_EXAMEN_LABORATORIO_FK">
<createdBy>Marcelo Bernabé</createdBy>
<createdTime>2025-09-12 18:02:07 UTC</createdTime>
<ownerDesignName>Entrega semana 5</ownerDesignName>
<indexState>Foreign Key</indexState>
<isSurrogateKey>false</isSurrogateKey>
<indexColumnUsage>
<colUsage columnID="06BDF1C3-DED3-8212-A2B2-F0F579FF8A96"/>
</indexColumnUsage>
</ind_PK_UK>
</indexes>
</Table>