<?xml version = '1.0' encoding = 'UTF-8'?>
<Table class="oracle.dbtools.crest.model.design.relational.Table" directorySegmentName="seg_0" id="D056E58E-D0AB-5179-0159-C8BB22F2EE58" name="MEDICO">
<sourceDDLFile>BDD 2.sql</sourceDDLFile>
<createdBy>Marcelo Bernabé</createdBy>
<createdTime>2025-09-12 18:02:07 UTC</createdTime>
<ownerDesignName>Entrega semana 5</ownerDesignName>
<importedID>FA7C66DC-5707-92FB-A551-E622F0605A37</importedID>
<allowColumnReorder>false</allowColumnReorder>
<existDependencyGenerateInDDl>true</existDependencyGenerateInDDl>
<parsed>true</parsed>
<columns itemClass="oracle.dbtools.crest.model.design.relational.Column">
<Column name="rut_medico" id="7C8C542F-7E1E-98F5-9B06-219EB336275D">
<sourceDDLFile>BDD 2.sql</sourceDDLFile>
<createdBy>Marcelo Bernabé</createdBy>
<createdTime>2025-09-12 18:02:07 UTC</createdTime>
<ownerDesignName>Entrega semana 5</ownerDesignName>
<importedID>8D69C25C-8F51-4419-2567-33E4945B48EC</importedID>
<use>0</use>
<logicalDatatype>LOGDT024</logicalDatatype>
<domain>F3258D8D-716D-2FDA-DC8F-4E5192E0B362</domain>
<ownDataTypeParameters>,,</ownDataTypeParameters>
<autoIncrementCycle>false</autoIncrementCycle>
</Column>
<Column name="nombre" id="563F51B9-5FE1-56BB-FB75-63E5272F56FA">
<sourceDDLFile>BDD 2.sql</sourceDDLFile>
<createdBy>Marcelo Bernabé</createdBy>
<createdTime>2025-09-12 18:02:07 UTC</createdTime>
<ownerDesignName>Entrega semana 5</ownerDesignName>
<importedID>DD719BE6-B75B-B23D-8825-1650C0355B30</importedID>
<use>0</use>
<logicalDatatype>LOGDT024</logicalDatatype>
<domain>B9099BA9-D003-4C14-AA94-AE48D3EA8517</domain>
<ownDataTypeParameters>,,</ownDataTypeParameters>
<autoIncrementCycle>false</autoIncrementCycle>
</Column>
<Column name="fecha_ingreso" id="DBFAE284-55AC-BD70-7C26-8DA365FD547E">
<sourceDDLFile>BDD 2.sql</sourceDDLFile>
<createdBy>Marcelo Bernabé</createdBy>
<createdTime>2025-09-12 18:02:07 UTC</createdTime>
<ownerDesignName>Entrega semana 5</ownerDesignName>
<importedID>8413B1A4-09AD-43C8-1006-54C249331083</importedID>
<use>0</use>
<logicalDatatype>LOGDT007</logicalDatatype>
<domain>280441F5-F680-6711-1F9E-A93622CF058C</domain>
<ownDataTypeParameters>,,</ownDataTypeParameters>
<autoIncrementCycle>false</autoIncrementCycle>
</Column>
<Column name="ESPECIALIDAD_id_especialidad" id="2ED47E92-095D-BBD3-24BF-CF49A1269776">
<sourceDDLFile>BDD 2.sql</sourceDDLFile>
<createdBy>Marcelo Bernabé</createdBy>
<createdTime>2025-09-12 18:02:07 UTC</createdTime>
<ownerDesignName>Entrega semana 5</ownerDesignName>
<importedID>F8272360-D5E0-3309-E235-0C48A7E49069</importedID>
<use>0</use>
<logicalDatatype>LOGDT019</logicalDatatype>
<domain>20975FF7-6BEE-504D-860A-40EA9D8892A7</domain>
<ownDataTypeParameters>,,</ownDataTypeParameters>
<autoIncrementCycle>false</autoIncrementCycle>
<associations>
<colAssociation fkAssociation="FB594AE6-A177-F684-3FD5-9588AC39ECA2" referredColumn="D256266C-DF36-43F7-9132-FCCA8DD70B73"/>
</associations>
</Column>
<Column name="AFP_id_afp" id="607880E9-5DC2-B410-6260-46C9A458F318">
<sourceDDLFile>BDD 2.sql</sourceDDLFile>
<createdBy>Marcelo Bernabé</createdBy>
<createdTime>2025-09-12 18:02:07 UTC</createdTime>
<ownerDesignName>Entrega semana 5</ownerDesignName>
<importedID>4AC88A10-85EF-1A48-73EF-A843EE64914E</importedID>
<use>0</use>
<logicalDatatype>LOGDT019</logicalDatatype>
<domain>20975FF7-6BEE-504D-860A-40EA9D8892A7</domain>
<ownDataTypeParameters>,,</ownDataTypeParameters>
<autoIncrementCycle>false</autoIncrementCycle>
<associations>
<colAssociation fkAssociation="4ABC94FC-FACF-D4B2-5298-31150D50F682" referredColumn="DC74D2E2-AA69-E597-96E7-7B9ABBD64632"/>
</associations>
</Column>
<Column name="INSTITUCION_SALUD_id_institucion" id="388F08BD-FEFA-C6C8-3C1F-0B3DBA2636D1">
<sourceDDLFile>BDD 2.sql</sourceDDLFile>
<createdBy>Marcelo Bernabé</createdBy>
<createdTime>2025-09-12 18:02:07 UTC</createdTime>
<ownerDesignName>Entrega semana 5</ownerDesignName>
<importedID>E379734C-8AC3-DF7E-34B0-6866323CDBFB</importedID>
<use>0</use>
<logicalDatatype>LOGDT019</logicalDatatype>
<domain>20975FF7-6BEE-504D-860A-40EA9D8892A7</domain>
<ownDataTypeParameters>,,</ownDataTypeParameters>
<autoIncrementCycle>false</autoIncrementCycle>
<associations>
<colAssociation fkAssociation="E4693063-3456-C813-19C6-1AAE39981662" referredColumn="C37E33D0-04C0-FE96-D7B1-F14280454AFC"/>
</associations>
</Column>
<Column name="MEDICO_rut_medico" id="351A754E-65F4-62D2-61CE-E4324E9F5FD4">
<sourceDDLFile>BDD 2.sql</sourceDDLFile>
<createdBy>Marcelo Bernabé</createdBy>
<createdTime>2025-09-12 18:02:07 UTC</createdTime>
<ownerDesignName>Entrega semana 5</ownerDesignName>
<importedID>9B58C70E-5E84-4AB5-21B3-B6D2F2D44AB1</importedID>
<nullsAllowed>true</nullsAllowed>
<use>0</use>
<logicalDatatype>LOGDT024</logicalDatatype>
<domain>F3258D8D-716D-2FDA-DC8F-4E5192E0B362</domain>
<ownDataTypeParameters>,,</ownDataTypeParameters>
<autoIncrementCycle>false</autoIncrementCycle>
<associations>
<colAssociation fkAssociation="17A65B46-038D-2563-3407-6A1D8749D942" referredColumn="7C8C542F-7E1E-98F5-9B06-219EB336275D"/>
</associations>
</Column>
</columns>
<indexes itemClass="oracle.dbtools.crest.model.design.relational.Index">
<ind_PK_UK id="97ECCE49-674F-A33B-3008-E3981080E630" name="MEDICO_PK">
<sourceDDLFile>BDD 2.sql</sourceDDLFile>
<createdBy>Marcelo Bernabé</createdBy>
<createdTime>2025-09-12 18:02:07 UTC</createdTime>
<ownerDesignName>Entrega semana 5</ownerDesignName>
<importedID>A9038FEB-502E-EA1C-E907-5F7E4114F070</importedID>
<pk>true</pk>
<indexState>Primary Constraint</indexState>
<isSurrogateKey>false</isSurrogateKey>
<indexColumnUsage>
<colUsage columnID="7C8C542F-7E1E-98F5-9B06-219EB336275D"/>
</indexColumnUsage>
</ind_PK_UK>
<ind_PK_UK id="1B896633-60C3-1170-6ABD-244500953918" name="idx_medico_especialidad">
<sourceDDLFile>BDD 2.sql</sourceDDLFile>
<createdBy>Marcelo Bernabé</createdBy>
<createdTime>2025-09-12 18:02:07 UTC</createdTime>
<ownerDesignName>Entrega semana 5</ownerDesignName>
<importedID>413A131D-16D2-A852-4B2A-37D21B02956A</importedID>
<isSurrogateKey>false</isSurrogateKey>
<indexColumnUsage>
<colUsage columnID="2ED47E92-095D-BBD3-24BF-CF49A1269776"/>
</indexColumnUsage>
</ind_PK_UK>
<ind_PK_UK id="3F613E54-C1CC-C407-590F-057D5409BECF" name="MEDICO_AFP_FK">
<createdBy>Marcelo Bernabé</createdBy>
<createdTime>2025-09-12 18:02:07 UTC</createdTime>
<ownerDesignName>Entrega semana 5</ownerDesignName>
<indexState>Foreign Key</indexState>
<isSurrogateKey>false</isSurrogateKey>
<indexColumnUsage>
<colUsage columnID="607880E9-5DC2-B410-6260-46C9A458F318"/>
</indexColumnUsage>
</ind_PK_UK>
<ind_PK_UK id="B3EC7A5D-42C5-7906-B921-2B87F2310BCA" name="MEDICO_ESPECIALIDAD_FK">
<createdBy>Marcelo Bernabé</createdBy>
<createdTime>2025-09-12 18:02:07 UTC</createdTime>
<ownerDesignName>Entrega semana 5</ownerDesignName>
<indexState>Foreign Key</indexState>
<isSurrogateKey>false</isSurrogateKey>
<indexColumnUsage>
<colUsage columnID="2ED47E92-095D-BBD3-24BF-CF49A1269776"/>
</indexColumnUsage>
</ind_PK_UK>
<ind_PK_UK id="4D6E35E5-123D-18A5-1014-3ECAFE36DC2A" name="MEDICO_INSTITUCION_SALUD_FK">
<createdBy>Marcelo Bernabé</createdBy>
<createdTime>2025-09-12 18:02:07 UTC</createdTime>
<ownerDesignName>Entrega semana 5</ownerDesignName>
<indexState>Foreign Key</indexState>
<isSurrogateKey>false</isSurrogateKey>
<indexColumnUsage>
<colUsage columnID="388F08BD-FEFA-C6C8-3C1F-0B3DBA2636D1"/>
</indexColumnUsage>
</ind_PK_UK>
<ind_PK_UK id="57A27272-5779-813A-A011-5B5E513B2FCA" name="MEDICO_MEDICO_FK">
<createdBy>Marcelo Bernabé</createdBy>
<createdTime>2025-09-12 18:02:07 UTC</createdTime>
<ownerDesignName>Entrega semana 5</ownerDesignName>
<indexState>Foreign Key</indexState>
<isSurrogateKey>false</isSurrogateKey>
<indexColumnUsage>
<colUsage columnID="351A754E-65F4-62D2-61CE-E4324E9F5FD4"/>
</indexColumnUsage>
</ind_PK_UK>
</indexes>
</Table>