<?xml version = '1.0' encoding = 'UTF-8'?>
<Table class="oracle.dbtools.crest.model.design.relational.Table" directorySegmentName="seg_0" id="DA995C69-539B-6921-B34B-6F4D77F5C067" name="RESULTADO_EXAMEN">
<sourceDDLFile>BDD 2.sql</sourceDDLFile>
<createdBy>Marcelo Bernabé</createdBy>
<createdTime>2025-09-12 18:02:07 UTC</createdTime>
<ownerDesignName>Entrega semana 5</ownerDesignName>
<importedID>4E3300FB-9558-E0D3-AC1E-804062B1C495</importedID>
<allowColumnReorder>false</allowColumnReorder>
<existDependencyGenerateInDDl>true</existDependencyGenerateInDDl>
<parsed>true</parsed>
<columns itemClass="oracle.dbtools.crest.model.design.relational.Column">
<Column name="id_resultado" id="73889989-2B1D-46D5-017A-EDA9F2684457">
<sourceDDLFile>BDD 2.sql</sourceDDLFile>
<createdBy>Marcelo Bernabé</createdBy>
<createdTime>2025-09-12 18:02:07 UTC</createdTime>
<ownerDesignName>Entrega semana 5</ownerDesignName>
<importedID>D5CF5E75-1523-B7E8-4ACC-ACDB2CDFE29E</importedID>
<use>0</use>
<logicalDatatype>LOGDT019</logicalDatatype>
<domain>20975FF7-6BEE-504D-860A-40EA9D8892A7</domain>
<ownDataTypeParameters>,,</ownDataTypeParameters>
<autoIncrementCycle>false</autoIncrementCycle>
</Column>
<Column name="resultado" id="35539B81-9133-E178-DD65-9531F3F43821">
<sourceDDLFile>BDD 2.sql</sourceDDLFile>
<createdBy>Marcelo Bernabé</createdBy>
<createdTime>2025-09-12 18:02:07 UTC</createdTime>
<ownerDesignName>Entrega semana 5</ownerDesignName>
<importedID>BEDB71DD-B0C1-4A02-A062-1EFB548C9046</importedID>
<use>0</use>
<logicalDatatype>LOGDT028</logicalDatatype>
<domain>9C593FFE-4657-FF7C-18E9-FE1D4A0609A8</domain>
<ownDataTypeParameters>,,</ownDataTypeParameters>
<autoIncrementCycle>false</autoIncrementCycle>
</Column>
<Column name="fecha_resultado" id="1E33E0FA-AA2A-B88A-7735-0B905C0A4ED8">
<sourceDDLFile>BDD 2.sql</sourceDDLFile>
<createdBy>Marcelo Bernabé</createdBy>
<createdTime>2025-09-12 18:02:07 UTC</createdTime>
<ownerDesignName>Entrega semana 5</ownerDesignName>
<importedID>98A57CC1-99B9-4CDE-18D3-408F26DA3EA1</importedID>
<use>0</use>
<logicalDatatype>LOGDT007</logicalDatatype>
<domain>280441F5-F680-6711-1F9E-A93622CF058C</domain>
<ownDataTypeParameters>,,</ownDataTypeParameters>
<autoIncrementCycle>false</autoIncrementCycle>
</Column>
<Column name="SOLICITUD_EXAMEN_id_solicitud" id="744E4107-06B2-20F9-7FC8-CB348644DC87">
<sourceDDLFile>BDD 2.sql</sourceDDLFile>
<createdBy>Marcelo Bernabé</createdBy>
<createdTime>2025-09-12 18:02:07 UTC</createdTime>
<ownerDesignName>Entrega semana 5</ownerDesignName>
<importedID>7488932C-BE16-B53D-657C-9BB8AF486ECF</importedID>
<use>0</use>
<logicalDatatype>LOGDT019</logicalDatatype>
<domain>20975FF7-6BEE-504D-860A-40EA9D8892A7</domain>
<ownDataTypeParameters>,,</ownDataTypeParameters>
<autoIncrementCycle>false</autoIncrementCycle>
<associations>
<colAssociation fkAssociation="18CD4D05-B979-8D96-3989-3A26725FEC16" referredColumn="71BDDCD9-EB86-A1F2-B5FA-F0739B002B51"/>
</associations>
</Column>
</columns>
<indexes itemClass="oracle.dbtools.crest.model.design.relational.Index">
<ind_PK_UK id="6540D7B0-EF5D-37A8-222A-297A0A15F0EC" name="RESULTADO_EXAMEN_PK">
<sourceDDLFile>BDD 2.sql</sourceDDLFile>
<createdBy>Marcelo Bernabé</createdBy>
<createdTime>2025-09-12 18:02:07 UTC</createdTime>
<ownerDesignName>Entrega semana 5</ownerDesignName>
<importedID>EEA5DE1F-1790-1256-8F31-4DB26AC03FD0</importedID>
<pk>true</pk>
<indexState>Primary Constraint</indexState>
<isSurrogateKey>false</isSurrogateKey>
<indexColumnUsage>
<colUsage columnID="73889989-2B1D-46D5-017A-EDA9F2684457"/>
</indexColumnUsage>
</ind_PK_UK>
<ind_PK_UK id="31A5CAEC-F8F3-B116-8F9A-DD9026F0942D" name="RESULTADO_EXAMEN_id_solicitud_UN">
<sourceDDLFile>BDD 2.sql</sourceDDLFile>
<createdBy>Marcelo Bernabé</createdBy>
<createdTime>2025-09-12 18:02:07 UTC</createdTime>
<ownerDesignName>Entrega semana 5</ownerDesignName>
<importedID>722983E6-D259-010C-6C3D-4C41257A3F2B</importedID>
<indexState>Unique Constraint</indexState>
<isSurrogateKey>false</isSurrogateKey>
<indexColumnUsage>
<colUsage columnID="744E4107-06B2-20F9-7FC8-CB348644DC87"/>
</indexColumnUsage>
</ind_PK_UK>
<ind_PK_UK id="937F9213-9570-3364-03C3-632757113D97" name="RESULTADO_EXAMEN_SOLICITUD_EXAMEN_FK">
<createdBy>Marcelo Bernabé</createdBy>
<createdTime>2025-09-12 18:02:07 UTC</createdTime>
<ownerDesignName>Entrega semana 5</ownerDesignName>
<indexState>Foreign Key</indexState>
<isSurrogateKey>false</isSurrogateKey>
<indexColumnUsage>
<colUsage columnID="744E4107-06B2-20F9-7FC8-CB348644DC87"/>
</indexColumnUsage>
</ind_PK_UK>
</indexes>
</Table>