<?xml version = '1.0' encoding = 'UTF-8'?>
<Table class="oracle.dbtools.crest.model.design.relational.Table" directorySegmentName="seg_0" id="F8B639B3-EA5F-D6D4-5F8A-D301F91410DB" name="ESPECIALIDAD">
<sourceDDLFile>BDD 2.sql</sourceDDLFile>
<createdBy>Marcelo Bernabé</createdBy>
<createdTime>2025-09-12 18:02:07 UTC</createdTime>
<ownerDesignName>Entrega semana 5</ownerDesignName>
<importedID>0222D017-83C1-D1FC-FEB6-45F19778BA20</importedID>
<allowColumnReorder>false</allowColumnReorder>
<existDependencyGenerateInDDl>true</existDependencyGenerateInDDl>
<parsed>true</parsed>
<columns itemClass="oracle.dbtools.crest.model.design.relational.Column">
<Column name="id_especialidad" id="D256266C-DF36-43F7-9132-FCCA8DD70B73">
<sourceDDLFile>BDD 2.sql</sourceDDLFile>
<createdBy>Marcelo Bernabé</createdBy>
<createdTime>2025-09-12 18:02:07 UTC</createdTime>
<ownerDesignName>Entrega semana 5</ownerDesignName>
<importedID>EA0067D0-BBB5-9DF3-3AE4-7204E3370407</importedID>
<use>0</use>
<logicalDatatype>LOGDT019</logicalDatatype>
<domain>20975FF7-6BEE-504D-860A-40EA9D8892A7</domain>
<ownDataTypeParameters>,,</ownDataTypeParameters>
<autoIncrementCycle>false</autoIncrementCycle>
</Column>
<Column name="nombre" id="8906F04F-81C6-4013-5EF3-C19FFA99A96E">
<sourceDDLFile>BDD 2.sql</sourceDDLFile>
<createdBy>Marcelo Bernabé</createdBy>
<createdTime>2025-09-12 18:02:07 UTC</createdTime>
<ownerDesignName>Entrega semana 5</ownerDesignName>
<importedID>D5586BDF-1D3E-2541-B552-042750FA3C85</importedID>
<use>0</use>
<logicalDatatype>LOGDT024</logicalDatatype>
<domain>D7587E52-CD1E-98C4-7065-D1B919CC9FED</domain>
<ownDataTypeParameters>,,</ownDataTypeParameters>
<autoIncrementCycle>false</autoIncrementCycle>
</Column>
</columns>
<indexes itemClass="oracle.dbtools.crest.model.design.relational.Index">
<ind_PK_UK id="4C883327-0E68-932E-618F-8E6DE0653DD3" name="ESPECIALIDAD_PK">
<sourceDDLFile>BDD 2.sql</sourceDDLFile>
<createdBy>Marcelo Bernabé</createdBy>
<createdTime>2025-09-12 18:02:07 UTC</createdTime>
<ownerDesignName>Entrega semana 5</ownerDesignName>
<importedID>C1D8B565-EAC9-D53B-F372-63EFA4F5A11F</importedID>
<pk>true</pk>
<indexState>Primary Constraint</indexState>
<isSurrogateKey>false</isSurrogateKey>
<indexColumnUsage>
<colUsage columnID="D256266C-DF36-43F7-9132-FCCA8DD70B73"/>
</indexColumnUsage>
</ind_PK_UK>
<ind_PK_UK id="8DBEC62F-9B83-9925-5AEC-BA289368B99D" name="ESPECIALIDAD_nombre_UN">
<sourceDDLFile>BDD 2.sql</sourceDDLFile>
<createdBy>Marcelo Bernabé</createdBy>
<createdTime>2025-09-12 18:02:07 UTC</createdTime>
<ownerDesignName>Entrega semana 5</ownerDesignName>
<importedID>51C7B8AC-D9FC-30A2-3972-1F963D7418C5</importedID>
<indexState>Unique Constraint</indexState>
<isSurrogateKey>false</isSurrogateKey>
<indexColumnUsage>
<colUsage columnID="8906F04F-81C6-4013-5EF3-C19FFA99A96E"/>
</indexColumnUsage>
</ind_PK_UK>
</indexes>
</Table>