<?xml version = '1.0' encoding = 'UTF-8'?>
<Diagram class="oracle.dbtools.crest.swingui.logical.DPVLogical" name="Logical" id="44103E7B-12A6-75E0-EBFF-21E6FD5FDE74">
<createdBy>Marcelo Bernabé</createdBy>
<modifiedBy>Marcelo Bernabé</modifiedBy>
<createdTime>2025-09-12 18:08:16 UTC</createdTime>
<autoRoute>false</autoRoute>
<boxInbox>true</boxInbox>
<showLegend>false</showLegend>
<showLabels>false</showLabels>
<showRelAttributes>false</showRelAttributes>
<gridEnabled>false</gridEnabled>
<showGrid>false</showGrid>
<diagramColor>-1</diagramColor>
<display>false</display>
<notation>1</notation>
<objectViews>
<OView class="oracle.dbtools.crest.swingui.logical.TVEntity" oid="06D7C01E-22F2-A0FA-C2A4-53F0D6B3FCA4" otype="Entity" vid="8D018BFA-CAF8-747F-3B21-6A8D0AFDBFB0">
<hideElementsInCurrentOnly>false</hideElementsInCurrentOnly>
<bounds x="2" y="76" width="224" height="156"/>
</OView>
<OView class="oracle.dbtools.crest.swingui.logical.TVEntity" oid="07A87E0C-67A3-470A-0C51-AD98298EBA99" otype="Entity" vid="A0A73AF4-525C-BF7B-1048-74FB71690622">
<hideElementsInCurrentOnly>false</hideElementsInCurrentOnly>
<bounds x="0" y="321" width="235" height="136"/>
</OView>
<OView class="oracle.dbtools.crest.swingui.logical.TVEntity" oid="1C05D318-6719-0001-C400-AEDF8C170466" otype="Entity" vid="65FC51F0-46B2-8882-4851-03FC56E6A866">
<hideElementsInCurrentOnly>false</hideElementsInCurrentOnly>
<bounds x="240" y="355" width="262" height="130"/>
</OView>
<OView class="oracle.dbtools.crest.swingui.logical.TVEntity" oid="22F87B69-9924-951F-062D-7C86AF810149" otype="Entity" vid="5B37BBAB-8FD4-4934-DE1F-FC86263D72C6">
<hideElementsInCurrentOnly>false</hideElementsInCurrentOnly>
<bounds x="294" y="140" width="220" height="184"/>
</OView>
<OView class="oracle.dbtools.crest.swingui.logical.TVEntity" oid="3C9D8D95-D526-CD76-58E5-29AB10F7FD49" otype="Entity" vid="C51BD321-DCA7-75C8-96D0-2B3B9076AA19">
<hideElementsInCurrentOnly>false</hideElementsInCurrentOnly>
<bounds x="745" y="371" width="123" height="83"/>
</OView>
<OView class="oracle.dbtools.crest.swingui.logical.TVEntity" oid="44F7910E-B6A2-8469-0121-F849BA06B98C" otype="Entity" vid="C70370BA-9BC3-B93F-BA83-456989C08FDC">
<hideElementsInCurrentOnly>false</hideElementsInCurrentOnly>
<bounds x="883" y="392" width="215" height="88"/>
</OView>
<OView class="oracle.dbtools.crest.swingui.logical.TVEntity" oid="4DAF941F-498E-DB1F-5F9C-3B8D6579BBEF" otype="Entity" vid="90A1530C-5D6C-FCAA-BA84-011E7A829260">
<hideElementsInCurrentOnly>false</hideElementsInCurrentOnly>
<bounds x="919" y="258" width="180" height="74"/>
</OView>
<OView class="oracle.dbtools.crest.swingui.logical.TVEntity" oid="5116772D-D025-6496-7DAD-A0C06C4293D3" otype="Entity" vid="D277DEFF-600A-0DE5-6C81-9271EE0EDEE3">
<hideElementsInCurrentOnly>false</hideElementsInCurrentOnly>
<bounds x="533" y="381" width="167" height="108"/>
</OView>
<OView class="oracle.dbtools.crest.swingui.logical.TVEntity" oid="A2F6B851-3789-39E0-24C5-933FE891EF7F" otype="Entity" vid="B9D5B6C0-3A51-B247-8A4F-78B4A6936F81">
<hideElementsInCurrentOnly>false</hideElementsInCurrentOnly>
<bounds x="292" y="8" width="160" height="85"/>
</OView>
<OView class="oracle.dbtools.crest.swingui.logical.TVEntity" oid="D7F9FC57-7340-D9AD-5962-7F634D79ADAA" otype="Entity" vid="6E2A698E-BB04-2F99-D17A-D094C59E4FEC">
<hideElementsInCurrentOnly>false</hideElementsInCurrentOnly>
<bounds x="604" y="206" width="235" height="106"/>
</OView>
<OView class="oracle.dbtools.crest.swingui.logical.TVEntity" oid="DBB457BC-0243-4657-75F6-05F5B616FB7A" otype="Entity" vid="A6DDA657-81AB-A232-8050-9E6D6291AC60">
<hideElementsInCurrentOnly>false</hideElementsInCurrentOnly>
<bounds x="605" y="6" width="228" height="184"/>
</OView>
<OView class="oracle.dbtools.crest.swingui.logical.TVEntity" oid="EE2D4551-6006-98BA-14C6-28F7F6E53CCB" otype="Entity" vid="2F3E4F00-8F4C-ABF4-B67A-253BCDB179C3">
<hideElementsInCurrentOnly>false</hideElementsInCurrentOnly>
<bounds x="919" y="61" width="189" height="108"/>
</OView>
</objectViews>
<connectors>
<Connector class="oracle.dbtools.crest.swingui.logical.TVRelation" oid="46E9F997-9811-01F0-8938-F78E2FFDB5A9" otype="Relation" vid_source="C51BD321-DCA7-75C8-96D0-2B3B9076AA19" vid_target="6E2A698E-BB04-2F99-D17A-D094C59E4FEC">
<hideElementsInCurrentOnly>false</hideElementsInCurrentOnly>
<backgroundColor>-16777216</backgroundColor>
<lineWidth>1</lineWidth>
<points>
<point x="792" y="371"/>
<point x="792" y="312"/>
</points>
</Connector>
<Connector class="oracle.dbtools.crest.swingui.logical.TVRelation" oid="69CB6E9C-4569-ED18-C2B1-724F12D451F8" otype="Relation" vid_source="6E2A698E-BB04-2F99-D17A-D094C59E4FEC" vid_target="5B37BBAB-8FD4-4934-DE1F-FC86263D72C6">
<hideElementsInCurrentOnly>false</hideElementsInCurrentOnly>
<backgroundColor>-16777216</backgroundColor>
<lineWidth>1</lineWidth>
<points>
<point x="604" y="259"/>
<point x="514" y="259"/>
</points>
</Connector>
<Connector class="oracle.dbtools.crest.swingui.logical.TVRelation" oid="6C1E24B3-2D49-609C-456E-0AC4F3619BAC" otype="Relation" vid_source="90A1530C-5D6C-FCAA-BA84-011E7A829260" vid_target="2F3E4F00-8F4C-ABF4-B67A-253BCDB179C3">
<hideElementsInCurrentOnly>false</hideElementsInCurrentOnly>
<backgroundColor>-16777216</backgroundColor>
<lineWidth>1</lineWidth>
<points>
<point x="1009" y="258"/>
<point x="1009" y="169"/>
</points>
</Connector>
<Connector class="oracle.dbtools.crest.swingui.logical.TVRelation" oid="75BEABA5-BC83-2424-9A10-E1F2AD1F7EBA" otype="Relation" vid_source="2F3E4F00-8F4C-ABF4-B67A-253BCDB179C3" vid_target="A6DDA657-81AB-A232-8050-9E6D6291AC60">
<hideElementsInCurrentOnly>false</hideElementsInCurrentOnly>
<backgroundColor>-16777216</backgroundColor>
<lineWidth>1</lineWidth>
<points>
<point x="919" y="115"/>
<point x="833" y="115"/>
</points>
</Connector>
<Connector class="oracle.dbtools.crest.swingui.logical.TVRelation" oid="7849FB48-BB81-A3AE-2EF7-5875D9165EDF" otype="Relation" vid_source="C70370BA-9BC3-B93F-BA83-456989C08FDC" vid_target="6E2A698E-BB04-2F99-D17A-D094C59E4FEC">
<hideElementsInCurrentOnly>false</hideElementsInCurrentOnly>
<backgroundColor>-16777216</backgroundColor>
<lineWidth>1</lineWidth>
<points>
<point x="923" y="392"/>
<point x="802" y="312"/>
</points>
</Connector>
<Connector class="oracle.dbtools.crest.swingui.logical.TVRelation" oid="7D11D880-9E9F-651E-E53C-4F750D5C067D" otype="Relation" vid_source="5B37BBAB-8FD4-4934-DE1F-FC86263D72C6" vid_target="B9D5B6C0-3A51-B247-8A4F-78B4A6936F81">
<hideElementsInCurrentOnly>false</hideElementsInCurrentOnly>
<backgroundColor>-16777216</backgroundColor>
<lineWidth>1</lineWidth>
<points>
<point x="373" y="140"/>
<point x="373" y="93"/>
</points>
</Connector>
<Connector class="oracle.dbtools.crest.swingui.logical.TVRelation" oid="8C6E10BC-0BEA-49AD-D78B-EA0233A154FD" otype="Relation" vid_source="6E2A698E-BB04-2F99-D17A-D094C59E4FEC" vid_target="6E2A698E-BB04-2F99-D17A-D094C59E4FEC">
<hideElementsInCurrentOnly>false</hideElementsInCurrentOnly>
<backgroundColor>-16777216</backgroundColor>
<lineWidth>1</lineWidth>
<points>
<point x="839" y="236"/>
<point x="877" y="236"/>
<point x="880" y="281"/>
<point x="844" y="279"/>
<point x="839" y="279"/>
</points>
</Connector>
<Connector class="oracle.dbtools.crest.swingui.logical.TVRelation" oid="B9BD835F-05AE-7238-ADA8-1B1B3847472A" otype="Relation" vid_source="8D018BFA-CAF8-747F-3B21-6A8D0AFDBFB0" vid_target="A0A73AF4-525C-BF7B-1048-74FB71690622">
<hideElementsInCurrentOnly>false</hideElementsInCurrentOnly>
<backgroundColor>-16777216</backgroundColor>
<lineWidth>1</lineWidth>
<points>
<point x="114" y="232"/>
<point x="114" y="321"/>
</points>
</Connector>
<Connector class="oracle.dbtools.crest.swingui.logical.TVRelation" oid="F3CF412F-53D9-6F2F-4736-56C01965D723" otype="Relation" vid_source="A6DDA657-81AB-A232-8050-9E6D6291AC60" vid_target="5B37BBAB-8FD4-4934-DE1F-FC86263D72C6">
<hideElementsInCurrentOnly>false</hideElementsInCurrentOnly>
<backgroundColor>-16777216</backgroundColor>
<lineWidth>1</lineWidth>
<points>
<point x="605" y="165"/>
<point x="514" y="165"/>
</points>
</Connector>
<Connector class="oracle.dbtools.crest.swingui.logical.TVRelation" oid="FBB66A78-36FD-3135-0EF4-83494922DE2C" otype="Relation" vid_source="5B37BBAB-8FD4-4934-DE1F-FC86263D72C6" vid_target="8D018BFA-CAF8-747F-3B21-6A8D0AFDBFB0">
<hideElementsInCurrentOnly>false</hideElementsInCurrentOnly>
<backgroundColor>-16777216</backgroundColor>
<lineWidth>1</lineWidth>
<points>
<point x="294" y="186"/>
<point x="226" y="186"/>
</points>
</Connector>
<Connector class="oracle.dbtools.crest.swingui.logical.TVRelation" oid="FED8FF8F-6544-AB2F-0EAD-3C5A99D05ED0" otype="Relation" vid_source="65FC51F0-46B2-8882-4851-03FC56E6A866" vid_target="8D018BFA-CAF8-747F-3B21-6A8D0AFDBFB0">
<hideElementsInCurrentOnly>false</hideElementsInCurrentOnly>
<backgroundColor>-16777216</backgroundColor>
<lineWidth>1</lineWidth>
<points>
<point x="308" y="355"/>
<point x="189" y="232"/>
</points>
</Connector>
<Connector class="oracle.dbtools.crest.swingui.logical.TVRelation" oid="FFC65764-5A70-2752-3283-27402A57284A" otype="Relation" vid_source="D277DEFF-600A-0DE5-6C81-9271EE0EDEE3" vid_target="6E2A698E-BB04-2F99-D17A-D094C59E4FEC">
<hideElementsInCurrentOnly>false</hideElementsInCurrentOnly>
<backgroundColor>-16777216</backgroundColor>
<lineWidth>1</lineWidth>
<points>
<point x="652" y="381"/>
<point x="652" y="312"/>
</points>
</Connector>
</connectors>
</Diagram>