<?xml version = '1.0' encoding = 'UTF-8'?>
<Diagram class="oracle.dbtools.crest.swingui.logical.DPVLogical" name="Logical" id="A984F974-C897-8B25-7915-CACADC156DF6">
<createdBy>Marcelo Bernabé</createdBy>
<modifiedBy>Marcelo Bernabé</modifiedBy>
<createdTime>2025-08-18 01:19:44 UTC</createdTime>
<autoRoute>false</autoRoute>
<boxInbox>true</boxInbox>
<showLegend>false</showLegend>
<showLabels>false</showLabels>
<showRelAttributes>false</showRelAttributes>
<gridEnabled>false</gridEnabled>
<showGrid>false</showGrid>
<diagramColor>-1</diagramColor>
<display>false</display>
<notation>1</notation>
<objectViews>
<OView class="oracle.dbtools.crest.swingui.logical.TVEntity" oid="226E8C68-D81B-1EA4-3BE6-2A0F8703E23E" otype="Entity" vid="2957D444-8565-F364-B89C-D9341141B351">
<hideElementsInCurrentOnly>false</hideElementsInCurrentOnly>
<bounds x="73" y="271" width="176" height="137"/>
</OView>
<OView class="oracle.dbtools.crest.swingui.logical.TVEntity" oid="9F86D177-A228-5DFB-0676-DECA05EEA3F7" otype="Entity" vid="5B7E6C2D-E89D-AE78-D3BE-8527E2B17739">
<hideElementsInCurrentOnly>false</hideElementsInCurrentOnly>
<bounds x="63" y="59" width="208" height="119"/>
</OView>
<OView class="oracle.dbtools.crest.swingui.logical.TVEntity" oid="AB366D17-D056-5951-FCB1-0A89B9541345" otype="Entity" vid="8ABDB6F4-DB66-E5E4-7E94-2FC75CD38464">
<hideElementsInCurrentOnly>false</hideElementsInCurrentOnly>
<bounds x="445" y="269" width="181" height="137"/>
</OView>
<OView class="oracle.dbtools.crest.swingui.logical.TVEntity" oid="B8BEA72C-1A33-2029-3E00-2218C99EAE3D" otype="Entity" vid="763C0809-4124-02F3-F393-C3330EC8B645">
<hideElementsInCurrentOnly>false</hideElementsInCurrentOnly>
<bounds x="449" y="8" width="176" height="164"/>
</OView>
</objectViews>
<connectors>
<Connector class="oracle.dbtools.crest.swingui.logical.TVRelation" oid="417B41F0-2CE4-606B-9384-E27A16C23FC9" otype="Relation" vid_source="763C0809-4124-02F3-F393-C3330EC8B645" vid_target="8ABDB6F4-DB66-E5E4-7E94-2FC75CD38464">
<hideElementsInCurrentOnly>false</hideElementsInCurrentOnly>
<backgroundColor>-16777216</backgroundColor>
<lineWidth>1</lineWidth>
<points>
<point x="537" y="172"/>
<point x="537" y="269"/>
</points>
</Connector>
<Connector class="oracle.dbtools.crest.swingui.logical.TVRelation" oid="D172E958-8F7F-B3B3-FAD1-9F42555FC64F" otype="Relation" vid_source="2957D444-8565-F364-B89C-D9341141B351" vid_target="8ABDB6F4-DB66-E5E4-7E94-2FC75CD38464">
<hideElementsInCurrentOnly>false</hideElementsInCurrentOnly>
<backgroundColor>-16777216</backgroundColor>
<lineWidth>1</lineWidth>
<points>
<point x="249" y="338"/>
<point x="445" y="338"/>
</points>
</Connector>
<Connector class="oracle.dbtools.crest.swingui.logical.TVRelation" oid="E78ABFBA-C9DF-1093-199F-11F4341FFA94" otype="Relation" vid_source="5B7E6C2D-E89D-AE78-D3BE-8527E2B17739" vid_target="8ABDB6F4-DB66-E5E4-7E94-2FC75CD38464">
<hideElementsInCurrentOnly>false</hideElementsInCurrentOnly>
<backgroundColor>-16777216</backgroundColor>
<lineWidth>1</lineWidth>
<points>
<point x="267" y="178"/>
<point x="460" y="269"/>
</points>
</Connector>
</connectors>
</Diagram>