<?xml version = '1.0' encoding = 'UTF-8'?>
<Entity class="oracle.dbtools.crest.model.design.logical.Entity" directorySegmentName="seg_0" id="22F87B69-9924-951F-062D-7C86AF810149" name="ATENCION MEDICA">
<createdBy>Marcelo Bernabé</createdBy>
<createdTime>2025-09-12 18:08:16 UTC</createdTime>
<generatorID>0C267B65-0440-0AF5-1A7A-BEDE89AA8B71</generatorID>
<ownerDesignName>Entrega semana 5</ownerDesignName>
<engineerTo>
<item key="3D0AC1D9-8A05-1087-A664-9A957F2F940B" value="true"/>
</engineerTo>
<adequatelyNormalized>NO</adequatelyNormalized>
<expectedVolumes>0</expectedVolumes>
<fwdEngineeringStrategyName>Single Table</fwdEngineeringStrategyName>
<growthPercent>0</growthPercent>
<growthType>Year</growthType>
<maxVolumes>9999999</maxVolumes>
<minVolumes>0</minVolumes>
<normalForm>Third</normalForm>
<attributes itemClass="oracle.dbtools.crest.model.design.logical.Attribute">
<Attribute name="id atencion" id="C34C54E6-6383-B6A8-A07B-F2EB0C301F2B">
<createdBy>Marcelo Bernabé</createdBy>
<createdTime>2025-09-12 18:08:16 UTC</createdTime>
<generatorID>80460AB9-3806-5052-0206-A7C66B6DD255</generatorID>
<ownerDesignName>Entrega semana 5</ownerDesignName>
<engineerTo>
<item key="3D0AC1D9-8A05-1087-A664-9A957F2F940B" value="true"/>
</engineerTo>
<use>0</use>
<logicalDatatype>LOGDT019</logicalDatatype>
<domain>20975FF7-6BEE-504D-860A-40EA9D8892A7</domain>
<ownDataTypeParameters>,,</ownDataTypeParameters>
</Attribute>
<Attribute name="fecha atencion" id="068DE18B-02AA-1C91-865D-1CDCAF3BF1BA">
<createdBy>Marcelo Bernabé</createdBy>
<createdTime>2025-09-12 18:08:16 UTC</createdTime>
<generatorID>303F0CDE-849E-6DE4-0CF2-B0E8D393122F</generatorID>
<ownerDesignName>Entrega semana 5</ownerDesignName>
<engineerTo>
<item key="3D0AC1D9-8A05-1087-A664-9A957F2F940B" value="true"/>
</engineerTo>
<use>0</use>
<logicalDatatype>LOGDT007</logicalDatatype>
<domain>280441F5-F680-6711-1F9E-A93622CF058C</domain>
<ownDataTypeParameters>,,</ownDataTypeParameters>
</Attribute>
<Attribute name="tipo atencion" id="D96C1BF8-9AEE-AEBA-85D0-BFFCA77AD7F7">
<createdBy>Marcelo Bernabé</createdBy>
<createdTime>2025-09-12 18:08:16 UTC</createdTime>
<generatorID>4E8BFCDD-7917-FF6F-820C-A18208F61F42</generatorID>
<ownerDesignName>Entrega semana 5</ownerDesignName>
<engineerTo>
<item key="3D0AC1D9-8A05-1087-A664-9A957F2F940B" value="true"/>
</engineerTo>
<useDomainConstraints>false</useDomainConstraints>
<use>0</use>
<logicalDatatype>LOGDT024</logicalDatatype>
<domain>84E8DF83-EF0B-1554-1E1C-41678D26711C</domain>
<listOfValues>
<valueDef value="GENERAL" description=""/>
<valueDef value="PREVENTIVA" description=""/>
<valueDef value="URGENCIA" description=""/>
</listOfValues>
<ownDataTypeParameters>,,</ownDataTypeParameters>
</Attribute>
<Attribute name="diagnostico" id="5D6A643D-36D5-0C33-C21C-A124E5A14DAB">
<createdBy>Marcelo Bernabé</createdBy>
<createdTime>2025-09-12 18:08:16 UTC</createdTime>
<generatorID>80583BAB-C09F-60DC-F88C-D6DBEA42BEA2</generatorID>
<ownerDesignName>Entrega semana 5</ownerDesignName>
<engineerTo>
<item key="3D0AC1D9-8A05-1087-A664-9A957F2F940B" value="true"/>
</engineerTo>
<nullsAllowed>true</nullsAllowed>
<use>0</use>
<logicalDatatype>LOGDT028</logicalDatatype>
<domain>9C593FFE-4657-FF7C-18E9-FE1D4A0609A8</domain>
<ownDataTypeParameters>,,</ownDataTypeParameters>
</Attribute>
<Attribute name="rut paciente" id="6FFF5D11-273B-2E3D-DC85-7AD6749223A7">
<createdBy>Marcelo Bernabé</createdBy>
<createdTime>2025-09-12 18:08:16 UTC</createdTime>
<generatorID>F3CF412F-53D9-6F2F-4736-56C01965D723</generatorID>
<ownerDesignName>Entrega semana 5</ownerDesignName>
<engineerTo>
<item key="3D0AC1D9-8A05-1087-A664-9A957F2F940B" value="true"/>
</engineerTo>
<referedAttribute>46E0DF26-645B-3FC0-5BCC-0B71578BF4E0</referedAttribute>
<use>0</use>
<logicalDatatype>LOGDT024</logicalDatatype>
<domain>F3258D8D-716D-2FDA-DC8F-4E5192E0B362</domain>
<ownDataTypeParameters>,,</ownDataTypeParameters>
</Attribute>
<Attribute name="rut medico" id="146E423B-D8EB-B239-AB58-4891B387BB76">
<createdBy>Marcelo Bernabé</createdBy>
<createdTime>2025-09-12 18:08:16 UTC</createdTime>
<generatorID>69CB6E9C-4569-ED18-C2B1-724F12D451F8</generatorID>
<ownerDesignName>Entrega semana 5</ownerDesignName>
<engineerTo>
<item key="3D0AC1D9-8A05-1087-A664-9A957F2F940B" value="true"/>
</engineerTo>
<referedAttribute>C9D4F9F3-1DA0-515F-B6B8-CEF63336A5D7</referedAttribute>
<use>0</use>
<logicalDatatype>LOGDT024</logicalDatatype>
<domain>F3258D8D-716D-2FDA-DC8F-4E5192E0B362</domain>
<ownDataTypeParameters>,,</ownDataTypeParameters>
</Attribute>
</attributes>
<identifiers itemClass="oracle.dbtools.crest.model.design.logical.CandidateKey">
<identifier id="82EF6F8C-771C-B6FD-15E1-3D13DA1DFC48" name="ATENCION MEDICA PK">
<createdBy>Marcelo Bernabé</createdBy>
<createdTime>2025-09-12 18:08:16 UTC</createdTime>
<generatorID>1E561025-B0AE-9FC2-C636-A9808572BAD3</generatorID>
<ownerDesignName>Entrega semana 5</ownerDesignName>
<shouldEngineer>false</shouldEngineer>
<engineerTo>
<item key="3D0AC1D9-8A05-1087-A664-9A957F2F940B" value="false"/>
</engineerTo>
<pk>true</pk>
<usedAttributes>
<attributeRef>C34C54E6-6383-B6A8-A07B-F2EB0C301F2B</attributeRef>
</usedAttributes>
</identifier>
</identifiers>
</Entity>