<?xml version = '1.0' encoding = 'UTF-8'?>
<Entity class="oracle.dbtools.crest.model.design.logical.Entity" directorySegmentName="seg_0" id="3C9D8D95-D526-CD76-58E5-29AB10F7FD49" name="AFP">
<createdBy>Marcelo Bernabé</createdBy>
<createdTime>2025-09-12 18:08:16 UTC</createdTime>
<generatorID>2C5610C5-DD4A-5331-A1F3-7DBF57FFEAC8</generatorID>
<ownerDesignName>Entrega semana 5</ownerDesignName>
<engineerTo>
<item key="3D0AC1D9-8A05-1087-A664-9A957F2F940B" value="true"/>
</engineerTo>
<adequatelyNormalized>NO</adequatelyNormalized>
<expectedVolumes>0</expectedVolumes>
<fwdEngineeringStrategyName>Single Table</fwdEngineeringStrategyName>
<growthPercent>0</growthPercent>
<growthType>Year</growthType>
<maxVolumes>9999999</maxVolumes>
<minVolumes>0</minVolumes>
<normalForm>Third</normalForm>
<attributes itemClass="oracle.dbtools.crest.model.design.logical.Attribute">
<Attribute name="id afp" id="037DE13B-B086-142D-4F32-AF7DEF329D2E">
<createdBy>Marcelo Bernabé</createdBy>
<createdTime>2025-09-12 18:08:16 UTC</createdTime>
<generatorID>DC74D2E2-AA69-E597-96E7-7B9ABBD64632</generatorID>
<ownerDesignName>Entrega semana 5</ownerDesignName>
<engineerTo>
<item key="3D0AC1D9-8A05-1087-A664-9A957F2F940B" value="true"/>
</engineerTo>
<use>0</use>
<logicalDatatype>LOGDT019</logicalDatatype>
<domain>20975FF7-6BEE-504D-860A-40EA9D8892A7</domain>
<ownDataTypeParameters>,,</ownDataTypeParameters>
</Attribute>
<Attribute name="nombre" id="476F683C-9E57-4005-56F9-672C611DD06C">
<createdBy>Marcelo Bernabé</createdBy>
<createdTime>2025-09-12 18:08:16 UTC</createdTime>
<generatorID>EEE07C32-FDA0-C8A3-D8AC-A765CB9B74CC</generatorID>
<ownerDesignName>Entrega semana 5</ownerDesignName>
<engineerTo>
<item key="3D0AC1D9-8A05-1087-A664-9A957F2F940B" value="true"/>
</engineerTo>
<use>0</use>
<logicalDatatype>LOGDT024</logicalDatatype>
<domain>D7587E52-CD1E-98C4-7065-D1B919CC9FED</domain>
<ownDataTypeParameters>,,</ownDataTypeParameters>
</Attribute>
<Attribute name="codigo" id="7EC0311D-0A96-1A22-F273-A145C52ECB65">
<createdBy>Marcelo Bernabé</createdBy>
<createdTime>2025-09-12 18:08:16 UTC</createdTime>
<generatorID>21F051AA-B8B1-CAFC-769F-01060CB90162</generatorID>
<ownerDesignName>Entrega semana 5</ownerDesignName>
<engineerTo>
<item key="3D0AC1D9-8A05-1087-A664-9A957F2F940B" value="true"/>
</engineerTo>
<use>0</use>
<logicalDatatype>LOGDT024</logicalDatatype>
<domain>DD0886A4-4F89-E318-0760-84B8025DB1A7</domain>
<ownDataTypeParameters>,,</ownDataTypeParameters>
</Attribute>
</attributes>
<identifiers itemClass="oracle.dbtools.crest.model.design.logical.CandidateKey">
<identifier id="18228F43-BA6B-A133-9882-D3CD5466EED5" name="AFP PK">
<createdBy>Marcelo Bernabé</createdBy>
<createdTime>2025-09-12 18:08:16 UTC</createdTime>
<generatorID>FCABE551-8094-A0A3-5B67-C4C513E72DC5</generatorID>
<ownerDesignName>Entrega semana 5</ownerDesignName>
<shouldEngineer>false</shouldEngineer>
<engineerTo>
<item key="3D0AC1D9-8A05-1087-A664-9A957F2F940B" value="false"/>
</engineerTo>
<pk>true</pk>
<usedAttributes>
<attributeRef>037DE13B-B086-142D-4F32-AF7DEF329D2E</attributeRef>
</usedAttributes>
</identifier>
<identifier id="899DEF85-E039-CAF0-04F6-3BB009C20FD4" name="INDEX 1">
<createdBy>Marcelo Bernabé</createdBy>
<createdTime>2025-09-12 18:08:16 UTC</createdTime>
<generatorID>6E070494-FBB7-871F-0DCE-22A36F80F1FF</generatorID>
<ownerDesignName>Entrega semana 5</ownerDesignName>
<engineerTo>
<item key="3D0AC1D9-8A05-1087-A664-9A957F2F940B" value="true"/>
</engineerTo>
<usedAttributes>
<attributeRef>7EC0311D-0A96-1A22-F273-A145C52ECB65</attributeRef>
</usedAttributes>
</identifier>
</identifiers>
</Entity>