<?xml version = '1.0' encoding = 'UTF-8'?>
<Entity class="oracle.dbtools.crest.model.design.logical.Entity" directorySegmentName="seg_0" id="4DAF941F-498E-DB1F-5F9C-3B8D6579BBEF" name="REGION">
<createdBy>Marcelo Bernabé</createdBy>
<createdTime>2025-09-12 18:08:16 UTC</createdTime>
<generatorID>3169CFD4-2123-E086-E1B2-E2FD73682380</generatorID>
<ownerDesignName>Entrega semana 5</ownerDesignName>
<engineerTo>
<item key="3D0AC1D9-8A05-1087-A664-9A957F2F940B" value="true"/>
</engineerTo>
<adequatelyNormalized>NO</adequatelyNormalized>
<expectedVolumes>0</expectedVolumes>
<fwdEngineeringStrategyName>Single Table</fwdEngineeringStrategyName>
<growthPercent>0</growthPercent>
<growthType>Year</growthType>
<maxVolumes>9999999</maxVolumes>
<minVolumes>0</minVolumes>
<normalForm>Third</normalForm>
<attributes itemClass="oracle.dbtools.crest.model.design.logical.Attribute">
<Attribute name="id region" id="4D3D8FE4-193A-B025-F5E3-74EE20E12F3A">
<createdBy>Marcelo Bernabé</createdBy>
<createdTime>2025-09-12 18:08:16 UTC</createdTime>
<generatorID>B4F3988A-1675-A7B8-F634-2E0F608CC96B</generatorID>
<ownerDesignName>Entrega semana 5</ownerDesignName>
<engineerTo>
<item key="3D0AC1D9-8A05-1087-A664-9A957F2F940B" value="true"/>
</engineerTo>
<use>0</use>
<logicalDatatype>LOGDT019</logicalDatatype>
<domain>20975FF7-6BEE-504D-860A-40EA9D8892A7</domain>
<ownDataTypeParameters>,,</ownDataTypeParameters>
</Attribute>
<Attribute name="nombre" id="950FC620-769F-4164-C06A-BAF20D7579CA">
<createdBy>Marcelo Bernabé</createdBy>
<createdTime>2025-09-12 18:08:16 UTC</createdTime>
<generatorID>255E4180-0A74-A937-0491-F7293B667BB7</generatorID>
<ownerDesignName>Entrega semana 5</ownerDesignName>
<engineerTo>
<item key="3D0AC1D9-8A05-1087-A664-9A957F2F940B" value="true"/>
</engineerTo>
<use>0</use>
<logicalDatatype>LOGDT024</logicalDatatype>
<domain>D7587E52-CD1E-98C4-7065-D1B919CC9FED</domain>
<ownDataTypeParameters>,,</ownDataTypeParameters>
</Attribute>
</attributes>
<identifiers itemClass="oracle.dbtools.crest.model.design.logical.CandidateKey">
<identifier id="E252B3FE-15BC-7B90-FA66-A06B765A6694" name="REGION PK">
<createdBy>Marcelo Bernabé</createdBy>
<createdTime>2025-09-12 18:08:16 UTC</createdTime>
<generatorID>DDC1F64B-BB1C-5719-0EDE-376CD96DFEFC</generatorID>
<ownerDesignName>Entrega semana 5</ownerDesignName>
<shouldEngineer>false</shouldEngineer>
<engineerTo>
<item key="3D0AC1D9-8A05-1087-A664-9A957F2F940B" value="false"/>
</engineerTo>
<pk>true</pk>
<usedAttributes>
<attributeRef>4D3D8FE4-193A-B025-F5E3-74EE20E12F3A</attributeRef>
</usedAttributes>
</identifier>
</identifiers>
</Entity>