<?xml version = '1.0' encoding = 'UTF-8'?>
<Entity class="oracle.dbtools.crest.model.design.logical.Entity" directorySegmentName="seg_0" id="5116772D-D025-6496-7DAD-A0C06C4293D3" name="INSTITUCION SALUD">
<createdBy>Marcelo Bernabé</createdBy>
<createdTime>2025-09-12 18:08:16 UTC</createdTime>
<generatorID>2F4CE8C8-36BA-45A6-F33D-2339A51A5AA6</generatorID>
<ownerDesignName>Entrega semana 5</ownerDesignName>
<engineerTo>
<item key="3D0AC1D9-8A05-1087-A664-9A957F2F940B" value="true"/>
</engineerTo>
<adequatelyNormalized>NO</adequatelyNormalized>
<expectedVolumes>0</expectedVolumes>
<fwdEngineeringStrategyName>Single Table</fwdEngineeringStrategyName>
<growthPercent>0</growthPercent>
<growthType>Year</growthType>
<maxVolumes>9999999</maxVolumes>
<minVolumes>0</minVolumes>
<normalForm>Third</normalForm>
<attributes itemClass="oracle.dbtools.crest.model.design.logical.Attribute">
<Attribute name="id institucion" id="3B1810B6-F025-655B-666C-B7D4EF04C1AE">
<createdBy>Marcelo Bernabé</createdBy>
<createdTime>2025-09-12 18:08:16 UTC</createdTime>
<generatorID>C37E33D0-04C0-FE96-D7B1-F14280454AFC</generatorID>
<ownerDesignName>Entrega semana 5</ownerDesignName>
<engineerTo>
<item key="3D0AC1D9-8A05-1087-A664-9A957F2F940B" value="true"/>
</engineerTo>
<use>0</use>
<logicalDatatype>LOGDT019</logicalDatatype>
<domain>20975FF7-6BEE-504D-860A-40EA9D8892A7</domain>
<ownDataTypeParameters>,,</ownDataTypeParameters>
</Attribute>
<Attribute name="nombre" id="D4702759-5286-F3B0-0BA2-209ED532182F">
<createdBy>Marcelo Bernabé</createdBy>
<createdTime>2025-09-12 18:08:16 UTC</createdTime>
<generatorID>6D719E56-DE05-969C-3C34-06EDFF7C448A</generatorID>
<ownerDesignName>Entrega semana 5</ownerDesignName>
<engineerTo>
<item key="3D0AC1D9-8A05-1087-A664-9A957F2F940B" value="true"/>
</engineerTo>
<use>0</use>
<logicalDatatype>LOGDT024</logicalDatatype>
<domain>D7587E52-CD1E-98C4-7065-D1B919CC9FED</domain>
<ownDataTypeParameters>,,</ownDataTypeParameters>
</Attribute>
<Attribute name="codigo" id="8DB8E058-3388-1C5A-43B5-7BD99765793C">
<createdBy>Marcelo Bernabé</createdBy>
<createdTime>2025-09-12 18:08:16 UTC</createdTime>
<generatorID>5545D18C-9028-AE6E-9F93-035BFED9EB09</generatorID>
<ownerDesignName>Entrega semana 5</ownerDesignName>
<engineerTo>
<item key="3D0AC1D9-8A05-1087-A664-9A957F2F940B" value="true"/>
</engineerTo>
<use>0</use>
<logicalDatatype>LOGDT024</logicalDatatype>
<domain>DD0886A4-4F89-E318-0760-84B8025DB1A7</domain>
<ownDataTypeParameters>,,</ownDataTypeParameters>
</Attribute>
<Attribute name="tipo" id="01FFCC68-E9A5-8D3A-2B09-236169E3C64E">
<createdBy>Marcelo Bernabé</createdBy>
<createdTime>2025-09-12 18:08:16 UTC</createdTime>
<generatorID>716336AA-792B-7214-1B61-441AE5D60AF1</generatorID>
<ownerDesignName>Entrega semana 5</ownerDesignName>
<engineerTo>
<item key="3D0AC1D9-8A05-1087-A664-9A957F2F940B" value="true"/>
</engineerTo>
<useDomainConstraints>false</useDomainConstraints>
<use>0</use>
<logicalDatatype>LOGDT024</logicalDatatype>
<domain>DD0886A4-4F89-E318-0760-84B8025DB1A7</domain>
<listOfValues>
<valueDef value="FONASA" description=""/>
<valueDef value="ISAPRE" description=""/>
</listOfValues>
<ownDataTypeParameters>,,</ownDataTypeParameters>
</Attribute>
</attributes>
<identifiers itemClass="oracle.dbtools.crest.model.design.logical.CandidateKey">
<identifier id="038A1070-629A-57B6-6335-D2C6DE0EF5E3" name="INSTITUCION SALUD PK">
<createdBy>Marcelo Bernabé</createdBy>
<createdTime>2025-09-12 18:08:16 UTC</createdTime>
<generatorID>F7E00962-F7E7-1C43-BD07-39DB31CB7CC7</generatorID>
<ownerDesignName>Entrega semana 5</ownerDesignName>
<shouldEngineer>false</shouldEngineer>
<engineerTo>
<item key="3D0AC1D9-8A05-1087-A664-9A957F2F940B" value="false"/>
</engineerTo>
<pk>true</pk>
<usedAttributes>
<attributeRef>3B1810B6-F025-655B-666C-B7D4EF04C1AE</attributeRef>
</usedAttributes>
</identifier>
<identifier id="514AD92A-CD1D-400C-41FC-2B21169FC650" name="INDEX 1v3">
<createdBy>Marcelo Bernabé</createdBy>
<createdTime>2025-09-12 18:08:16 UTC</createdTime>
<generatorID>8AA94FC7-21BD-2A98-289B-5E7DA73CE816</generatorID>
<ownerDesignName>Entrega semana 5</ownerDesignName>
<engineerTo>
<item key="3D0AC1D9-8A05-1087-A664-9A957F2F940B" value="true"/>
</engineerTo>
<usedAttributes>
<attributeRef>8DB8E058-3388-1C5A-43B5-7BD99765793C</attributeRef>
</usedAttributes>
</identifier>
</identifiers>
</Entity>