<?xml version = '1.0' encoding = 'UTF-8'?>
<Entity class="oracle.dbtools.crest.model.design.logical.Entity" directorySegmentName="seg_0" id="DBB457BC-0243-4657-75F6-05F5B616FB7A" name="PACIENTE">
<createdBy>Marcelo Bernabé</createdBy>
<createdTime>2025-09-12 18:08:16 UTC</createdTime>
<generatorID>6C74DD57-1E10-81CF-167D-F2AB6EB3E43A</generatorID>
<ownerDesignName>Entrega semana 5</ownerDesignName>
<engineerTo>
<item key="3D0AC1D9-8A05-1087-A664-9A957F2F940B" value="true"/>
</engineerTo>
<adequatelyNormalized>NO</adequatelyNormalized>
<expectedVolumes>0</expectedVolumes>
<fwdEngineeringStrategyName>Single Table</fwdEngineeringStrategyName>
<growthPercent>0</growthPercent>
<growthType>Year</growthType>
<maxVolumes>9999999</maxVolumes>
<minVolumes>0</minVolumes>
<normalForm>Third</normalForm>
<attributes itemClass="oracle.dbtools.crest.model.design.logical.Attribute">
<Attribute name="rut paciente" id="46E0DF26-645B-3FC0-5BCC-0B71578BF4E0">
<createdBy>Marcelo Bernabé</createdBy>
<createdTime>2025-09-12 18:08:16 UTC</createdTime>
<generatorID>AAAD506F-C7B3-9727-EC42-F2F3BDDFCD9C</generatorID>
<ownerDesignName>Entrega semana 5</ownerDesignName>
<engineerTo>
<item key="3D0AC1D9-8A05-1087-A664-9A957F2F940B" value="true"/>
</engineerTo>
<use>0</use>
<logicalDatatype>LOGDT024</logicalDatatype>
<domain>F3258D8D-716D-2FDA-DC8F-4E5192E0B362</domain>
<ownDataTypeParameters>,,</ownDataTypeParameters>
</Attribute>
<Attribute name="nombre" id="F1B429B1-9E5E-7885-BBFA-638E551A7551">
<createdBy>Marcelo Bernabé</createdBy>
<createdTime>2025-09-12 18:08:16 UTC</createdTime>
<generatorID>F17547C3-3167-15C7-A636-4A3E0E9E24DF</generatorID>
<ownerDesignName>Entrega semana 5</ownerDesignName>
<engineerTo>
<item key="3D0AC1D9-8A05-1087-A664-9A957F2F940B" value="true"/>
</engineerTo>
<use>0</use>
<logicalDatatype>LOGDT024</logicalDatatype>
<domain>B9099BA9-D003-4C14-AA94-AE48D3EA8517</domain>
<ownDataTypeParameters>,,</ownDataTypeParameters>
</Attribute>
<Attribute name="sexo" id="8335BD74-AEB3-6B8B-AD7F-BFB155393353">
<createdBy>Marcelo Bernabé</createdBy>
<createdTime>2025-09-12 18:08:16 UTC</createdTime>
<generatorID>0D6EAB70-57AE-FE7F-F88E-E984FC22142D</generatorID>
<ownerDesignName>Entrega semana 5</ownerDesignName>
<engineerTo>
<item key="3D0AC1D9-8A05-1087-A664-9A957F2F940B" value="true"/>
</engineerTo>
<useDomainConstraints>false</useDomainConstraints>
<use>0</use>
<logicalDatatype>LOGDT025</logicalDatatype>
<domain>D1CDFEF3-3F47-AFF5-E2C1-514A2DBF7396</domain>
<listOfValues>
<valueDef value="F" description=""/>
<valueDef value="M" description=""/>
<valueDef value="O" description=""/>
</listOfValues>
<ownDataTypeParameters>,,</ownDataTypeParameters>
</Attribute>
<Attribute name="fecha nacimiento" id="16F6504E-44EB-BC28-C30B-6DDFBEA4DE3A">
<createdBy>Marcelo Bernabé</createdBy>
<createdTime>2025-09-12 18:08:16 UTC</createdTime>
<generatorID>44E77231-9D30-D5C7-288B-A8F0DAFF9E1E</generatorID>
<ownerDesignName>Entrega semana 5</ownerDesignName>
<engineerTo>
<item key="3D0AC1D9-8A05-1087-A664-9A957F2F940B" value="true"/>
</engineerTo>
<use>0</use>
<logicalDatatype>LOGDT007</logicalDatatype>
<domain>280441F5-F680-6711-1F9E-A93622CF058C</domain>
<ownDataTypeParameters>,,</ownDataTypeParameters>
</Attribute>
<Attribute name="direccion" id="EF2BBA17-E0F4-EDFC-19C9-3B97A8FA9DDB">
<createdBy>Marcelo Bernabé</createdBy>
<createdTime>2025-09-12 18:08:16 UTC</createdTime>
<generatorID>52731710-1DC5-DB01-3754-98CE776778F6</generatorID>
<ownerDesignName>Entrega semana 5</ownerDesignName>
<engineerTo>
<item key="3D0AC1D9-8A05-1087-A664-9A957F2F940B" value="true"/>
</engineerTo>
<nullsAllowed>true</nullsAllowed>
<use>0</use>
<logicalDatatype>LOGDT024</logicalDatatype>
<domain>71F49B64-2AAA-684B-D309-60AB98AAC511</domain>
<ownDataTypeParameters>,,</ownDataTypeParameters>
</Attribute>
<Attribute name="id comuna" id="BF61A6E8-8667-01B1-BB21-04D3EAC86D84">
<createdBy>Marcelo Bernabé</createdBy>
<createdTime>2025-09-12 18:08:16 UTC</createdTime>
<generatorID>75BEABA5-BC83-2424-9A10-E1F2AD1F7EBA</generatorID>
<ownerDesignName>Entrega semana 5</ownerDesignName>
<engineerTo>
<item key="3D0AC1D9-8A05-1087-A664-9A957F2F940B" value="true"/>
</engineerTo>
<referedAttribute>21AA2C25-E586-4D9E-79A6-C70249626A3A</referedAttribute>
<use>0</use>
<logicalDatatype>LOGDT019</logicalDatatype>
<domain>20975FF7-6BEE-504D-860A-40EA9D8892A7</domain>
<ownDataTypeParameters>,,</ownDataTypeParameters>
</Attribute>
<Attribute name="tipo usuario" id="7E1FECD8-5C22-119A-16F2-85CCE8EA9595">
<createdBy>Marcelo Bernabé</createdBy>
<createdTime>2025-09-12 18:08:16 UTC</createdTime>
<generatorID>5AE84304-AE76-F3BA-5D37-900D0A615A95</generatorID>
<ownerDesignName>Entrega semana 5</ownerDesignName>
<engineerTo>
<item key="3D0AC1D9-8A05-1087-A664-9A957F2F940B" value="true"/>
</engineerTo>
<useDomainConstraints>false</useDomainConstraints>
<use>0</use>
<logicalDatatype>LOGDT024</logicalDatatype>
<domain>84E8DF83-EF0B-1554-1E1C-41678D26711C</domain>
<listOfValues>
<valueDef value="ESTUDIANTE" description=""/>
<valueDef value="EXTERNO" description=""/>
<valueDef value="FUNCIONARIO" description=""/>
</listOfValues>
<ownDataTypeParameters>,,</ownDataTypeParameters>
</Attribute>
</attributes>
<identifiers itemClass="oracle.dbtools.crest.model.design.logical.CandidateKey">
<identifier id="9F92AC92-B768-78B2-3CC8-0A296008A827" name="PACIENTE PK">
<createdBy>Marcelo Bernabé</createdBy>
<createdTime>2025-09-12 18:08:16 UTC</createdTime>
<generatorID>141C5F38-32C9-1D87-04A3-B6CF8A43CCD3</generatorID>
<ownerDesignName>Entrega semana 5</ownerDesignName>
<shouldEngineer>false</shouldEngineer>
<engineerTo>
<item key="3D0AC1D9-8A05-1087-A664-9A957F2F940B" value="false"/>
</engineerTo>
<pk>true</pk>
<usedAttributes>
<attributeRef>46E0DF26-645B-3FC0-5BCC-0B71578BF4E0</attributeRef>
</usedAttributes>
</identifier>
</identifiers>
</Entity>