<?xml version = '1.0' encoding = 'UTF-8'?>
<Diagram class="oracle.dbtools.crest.swingui.relational.DPVRelational" name="Relational_1" id="FAEC7353-1683-55CE-510C-864E5ECBF4FB">
<createdBy>Marcelo Bernabé</createdBy>
<modifiedBy>Marcelo Bernabé</modifiedBy>
<createdTime>2025-08-31 22:34:10 UTC</createdTime>
<autoRoute>false</autoRoute>
<boxInbox>true</boxInbox>
<showLegend>false</showLegend>
<showLabels>false</showLabels>
<showRelAttributes>false</showRelAttributes>
<gridEnabled>false</gridEnabled>
<showGrid>false</showGrid>
<diagramColor>-1</diagramColor>
<display>false</display>
<notation>1</notation>
<objectViews>
<OView class="oracle.dbtools.crest.swingui.relational.TVTable" oid="0E36C19F-1A87-DE93-CB5B-A6E20C2C7D71" otype="Table" vid="4727A5B7-45A4-B4E1-6DD6-663880CAB630">
<hideElementsInCurrentOnly>false</hideElementsInCurrentOnly>
<bounds x="893" y="406" width="215" height="66"/>
</OView>
<OView class="oracle.dbtools.crest.swingui.relational.TVTable" oid="2B769BE2-AB90-0DF0-068F-A3F9187AB934" otype="Table" vid="E0105110-4720-E208-C39A-FFE74B58AB36">
<hideElementsInCurrentOnly>false</hideElementsInCurrentOnly>
<bounds x="1" y="167" width="276" height="97"/>
</OView>
<OView class="oracle.dbtools.crest.swingui.relational.TVTable" oid="32369F66-C1AD-583F-5C27-0C090C6F7736" otype="Table" vid="C7E3F3B0-08F5-E139-4250-E90434671D05">
<hideElementsInCurrentOnly>false</hideElementsInCurrentOnly>
<bounds x="571" y="379" width="182" height="53"/>
</OView>
<OView class="oracle.dbtools.crest.swingui.relational.TVTable" oid="5D2E2F2A-E36F-A992-A91B-BA27FC17295D" otype="Table" vid="A4476047-E723-6F1F-3EC5-CEAA1F869D3B">
<hideElementsInCurrentOnly>false</hideElementsInCurrentOnly>
<bounds x="725" y="476" width="165" height="55"/>
</OView>
<OView class="oracle.dbtools.crest.swingui.relational.TVTable" oid="71A9245C-3918-243C-2F04-64857026FDE0" otype="Table" vid="DC54F4C4-C753-E3B3-DA0F-0C93E9DDEA12">
<hideElementsInCurrentOnly>false</hideElementsInCurrentOnly>
<bounds x="458" y="36" width="465" height="94"/>
</OView>
<OView class="oracle.dbtools.crest.swingui.relational.TVTable" oid="7D508CE4-3A37-D49C-9A21-B85CCD32AFD0" otype="Table" vid="EF01CF28-064C-F992-97C0-8C28F57EA4C0">
<hideElementsInCurrentOnly>false</hideElementsInCurrentOnly>
<bounds x="346" y="183" width="275" height="122"/>
</OView>
<OView class="oracle.dbtools.crest.swingui.relational.TVTable" oid="B4425131-34E4-A60B-B94D-1F7D2C702380" otype="Table" vid="63F81743-5A7E-D733-3F00-8A52D19DEABF">
<hideElementsInCurrentOnly>false</hideElementsInCurrentOnly>
<bounds x="746" y="245" width="196" height="126"/>
</OView>
<OView class="oracle.dbtools.crest.swingui.relational.TVTable" oid="CD4D9194-EF7E-903A-957B-36E45BA1CEC2" otype="Table" vid="632D5DCA-CB7C-D501-4A21-92258AB70E32">
<hideElementsInCurrentOnly>false</hideElementsInCurrentOnly>
<bounds x="30" y="371" width="262" height="110"/>
</OView>
<OView class="oracle.dbtools.crest.swingui.relational.TVTable" oid="DE7DC58A-BEBE-6AB7-AFF3-F9320AFCBDCD" otype="Table" vid="1BDB6B01-909E-A8BE-AB3F-ADECA00CA608">
<hideElementsInCurrentOnly>false</hideElementsInCurrentOnly>
<bounds x="361" y="371" width="144" height="140"/>
</OView>
<OView class="oracle.dbtools.crest.swingui.relational.TVTable" oid="EB384143-86F7-EE91-F019-67FE410DA286" otype="Table" vid="9B5683F9-9258-7546-8A66-10CDBF557B44">
<hideElementsInCurrentOnly>false</hideElementsInCurrentOnly>
<bounds x="15" y="18" width="214" height="85"/>
</OView>
</objectViews>
<connectors>
<Connector class="oracle.dbtools.crest.swingui.relational.TVFKRelation" oid="25206182-BD67-3CA3-5E4F-90D502CE331E" otype="FKIndexAssociation" vid_source="EF01CF28-064C-F992-97C0-8C28F57EA4C0" vid_target="632D5DCA-CB7C-D501-4A21-92258AB70E32">
<hideElementsInCurrentOnly>false</hideElementsInCurrentOnly>
<backgroundColor>-16777216</backgroundColor>
<lineWidth>1</lineWidth>
<points>
<point x="375" y="305"/>
<point x="228" y="371"/>
</points>
</Connector>
<Connector class="oracle.dbtools.crest.swingui.relational.TVFKRelation" oid="310B75B6-D8CC-85C5-2EF1-A1EEE57D84F6" otype="FKIndexAssociation" vid_source="1BDB6B01-909E-A8BE-AB3F-ADECA00CA608" vid_target="632D5DCA-CB7C-D501-4A21-92258AB70E32">
<hideElementsInCurrentOnly>false</hideElementsInCurrentOnly>
<backgroundColor>-16777216</backgroundColor>
<lineWidth>1</lineWidth>
<points>
<point x="361" y="426"/>
<point x="292" y="426"/>
</points>
</Connector>
<Connector class="oracle.dbtools.crest.swingui.relational.TVFKRelation" oid="32EA53CD-36C2-A71E-82E2-E2F67BD47C90" otype="FKIndexAssociation" vid_source="DC54F4C4-C753-E3B3-DA0F-0C93E9DDEA12" vid_target="EF01CF28-064C-F992-97C0-8C28F57EA4C0">
<hideElementsInCurrentOnly>false</hideElementsInCurrentOnly>
<backgroundColor>-16777216</backgroundColor>
<lineWidth>1</lineWidth>
<points>
<point x="539" y="130"/>
<point x="539" y="183"/>
</points>
</Connector>
<Connector class="oracle.dbtools.crest.swingui.relational.TVFKRelation" oid="3D549797-0B42-25D6-3BB7-6040CA2FC5EE" otype="FKIndexAssociation" vid_source="9B5683F9-9258-7546-8A66-10CDBF557B44" vid_target="E0105110-4720-E208-C39A-FFE74B58AB36">
<hideElementsInCurrentOnly>false</hideElementsInCurrentOnly>
<backgroundColor>-16777216</backgroundColor>
<lineWidth>1</lineWidth>
<points>
<point x="122" y="103"/>
<point x="122" y="167"/>
</points>
</Connector>
<Connector class="oracle.dbtools.crest.swingui.relational.TVFKRelation" oid="71D59F29-67FC-FEBF-0C0B-1B3A5F0E5470" otype="FKIndexAssociation" vid_source="632D5DCA-CB7C-D501-4A21-92258AB70E32" vid_target="EF01CF28-064C-F992-97C0-8C28F57EA4C0">
<hideElementsInCurrentOnly>false</hideElementsInCurrentOnly>
<backgroundColor>-16777216</backgroundColor>
<lineWidth>1</lineWidth>
<points>
<point x="258" y="371"/>
<point x="390" y="305"/>
</points>
</Connector>
<Connector class="oracle.dbtools.crest.swingui.relational.TVFKRelation" oid="71DF6E4C-B463-6FC8-095F-FAE890C18B0E" otype="FKIndexAssociation" vid_source="9B5683F9-9258-7546-8A66-10CDBF557B44" vid_target="DC54F4C4-C753-E3B3-DA0F-0C93E9DDEA12">
<hideElementsInCurrentOnly>false</hideElementsInCurrentOnly>
<backgroundColor>-16777216</backgroundColor>
<lineWidth>1</lineWidth>
<points>
<point x="229" y="69"/>
<point x="458" y="69"/>
</points>
</Connector>
<Connector class="oracle.dbtools.crest.swingui.relational.TVFKRelation" oid="88FBDF53-B1CB-F7EF-9B31-A3E33F8C8FD4" otype="FKIndexAssociation" vid_source="4727A5B7-45A4-B4E1-6DD6-663880CAB630" vid_target="4727A5B7-45A4-B4E1-6DD6-663880CAB630">
<hideElementsInCurrentOnly>false</hideElementsInCurrentOnly>
<backgroundColor>-16777216</backgroundColor>
<lineWidth>1</lineWidth>
<points>
<point x="766" y="218"/>
<point x="866" y="218"/>
<point x="866" y="346"/>
<point x="728" y="346"/>
<point x="728" y="246"/>
</points>
</Connector>
<Connector class="oracle.dbtools.crest.swingui.relational.TVFKRelation" oid="CD4943D0-2BF7-1260-7C4A-4EE431A7FF06" otype="FKIndexAssociation" vid_source="DC54F4C4-C753-E3B3-DA0F-0C93E9DDEA12" vid_target="63F81743-5A7E-D733-3F00-8A52D19DEABF">
<hideElementsInCurrentOnly>false</hideElementsInCurrentOnly>
<backgroundColor>-16777216</backgroundColor>
<lineWidth>1</lineWidth>
<points>
<point x="834" y="130"/>
<point x="834" y="245"/>
</points>
</Connector>
<Connector class="oracle.dbtools.crest.swingui.relational.TVFKRelation" oid="D19EEFF3-A233-C0A3-EAA6-08FB6DDB2E92" otype="FKIndexAssociation" vid_source="C7E3F3B0-08F5-E139-4250-E90434671D05" vid_target="1BDB6B01-909E-A8BE-AB3F-ADECA00CA608">
<hideElementsInCurrentOnly>false</hideElementsInCurrentOnly>
<backgroundColor>-16777216</backgroundColor>
<lineWidth>1</lineWidth>
<points>
<point x="571" y="405"/>
<point x="505" y="405"/>
</points>
</Connector>
<Connector class="oracle.dbtools.crest.swingui.relational.TVFKRelation" oid="D4E3A71B-F52A-7CBE-4B33-C7EA957353CB" otype="FKIndexAssociation" vid_source="63F81743-5A7E-D733-3F00-8A52D19DEABF" vid_target="4727A5B7-45A4-B4E1-6DD6-663880CAB630">
<hideElementsInCurrentOnly>false</hideElementsInCurrentOnly>
<backgroundColor>-16777216</backgroundColor>
<lineWidth>1</lineWidth>
<points>
<point x="917" y="371"/>
<point x="917" y="406"/>
</points>
</Connector>
<Connector class="oracle.dbtools.crest.swingui.relational.TVFKRelation" oid="DB98BBF6-D2D7-4CE1-4D99-B4B978C0D581" otype="FKIndexAssociation" vid_source="DC54F4C4-C753-E3B3-DA0F-0C93E9DDEA12" vid_target="C7E3F3B0-08F5-E139-4250-E90434671D05">
<hideElementsInCurrentOnly>false</hideElementsInCurrentOnly>
<backgroundColor>-16777216</backgroundColor>
<lineWidth>1</lineWidth>
<points>
<point x="662" y="130"/>
<point x="662" y="379"/>
</points>
</Connector>
<Connector class="oracle.dbtools.crest.swingui.relational.TVFKRelation" oid="F6579418-28F8-7A74-B89B-F1FBD92DC4F5" otype="FKIndexAssociation" vid_source="E0105110-4720-E208-C39A-FFE74B58AB36" vid_target="EF01CF28-064C-F992-97C0-8C28F57EA4C0">
<hideElementsInCurrentOnly>false</hideElementsInCurrentOnly>
<backgroundColor>-16777216</backgroundColor>
<lineWidth>1</lineWidth>
<points>
<point x="277" y="223"/>
<point x="346" y="223"/>
</points>
</Connector>
<Connector class="oracle.dbtools.crest.swingui.relational.TVFKRelation" oid="FE2948D6-718F-B11A-D5CF-3E6399C6F151" otype="FKIndexAssociation" vid_source="63F81743-5A7E-D733-3F00-8A52D19DEABF" vid_target="A4476047-E723-6F1F-3EC5-CEAA1F869D3B">
<hideElementsInCurrentOnly>false</hideElementsInCurrentOnly>
<backgroundColor>-16777216</backgroundColor>
<lineWidth>1</lineWidth>
<points>
<point x="818" y="371"/>
<point x="818" y="476"/>
</points>
</Connector>
</connectors>
<arcs>
<Arc class="oracle.dbtools.crest.swingui.relational.TVFKArc" oid="591B8372-4CCB-E58A-67D8-4805225BEC33" otype="FKArc" vid="D2F9E068-3D22-D158-52DE-9334AAE518EC">
<hideElementsInCurrentOnly>false</hideElementsInCurrentOnly>
<bounds x="438" y="16" width="505" height="134"/>
</Arc>
<Arc class="oracle.dbtools.crest.swingui.relational.TVFKArc" oid="66445D56-B6EF-2A71-D2A4-C3CC9874DE7F" otype="FKArc" vid="4093BFEE-3706-DF77-50CE-2FB45A113C89">
<hideElementsInCurrentOnly>false</hideElementsInCurrentOnly>
<bounds x="726" y="225" width="236" height="166"/>
</Arc>
</arcs>
</Diagram>