<?xml version = '1.0' encoding = 'UTF-8'?>
<relationalModel class="oracle.dbtools.crest.model.design.relational.RelationalDesign" name="Relational_1" id="029CDA0C-CD8B-9839-AB16-E460DA2C8600" mainViewID="FAEC7353-1683-55CE-510C-864E5ECBF4FB">
<createdBy>Marcelo Bernabé</createdBy>
<createdTime>2025-08-31 21:26:09 UTC</createdTime>
<ownerDesignName>Entrega semana 3 BDD</ownerDesignName>
<shouldBeOpen>false</shouldBeOpen>
<selectedRDBMSSite>32076570-2523-435C-2E92-BF29817DFF70</selectedRDBMSSite>
</relationalModel>