<?xml version = '1.0' encoding = 'UTF-8'?>
<relationalModel class="oracle.dbtools.crest.model.design.relational.RelationalDesign" name="Relational_1" id="3D0AC1D9-8A05-1087-A664-9A957F2F940B" mainViewID="2668ABFD-F500-794E-0E53-8C984ADE27D4">
<createdBy>Marcelo Bernabé</createdBy>
<createdTime>2025-09-12 18:01:19 UTC</createdTime>
<ownerDesignName>Entrega semana 5</ownerDesignName>
<shouldBeOpen>false</shouldBeOpen>
<selectedRDBMSSite>01F6E6D1-21D0-CFBD-ABDD-3988D1813575</selectedRDBMSSite>
<importDDLFileStamps>
<importDDLFileStamp class="oracle.dbtools.crest.imports.DDLFileStamp">
<fileName>BDD 2.sql</fileName>
<pathName>C:\Users\marce\Downloads</pathName>
<dbType>17</dbType>
</importDDLFileStamp>
</importDDLFileStamps>
</relationalModel>