<?xml version = '1.0' encoding = 'UTF-8'?>
<Entity class="oracle.dbtools.crest.model.design.logical.Entity" directorySegmentName="seg_0" id="9F86D177-A228-5DFB-0676-DECA05EEA3F7" name="Pasajero">
<createdBy>Marcelo Bernabé</createdBy>
<createdTime>2025-08-18 01:20:32 UTC</createdTime>
<ownerDesignName>Entrega1</ownerDesignName>
<engineerTo>
<item key="1CBF18E2-CA85-C765-A237-63632E4F0FF2" value="true"/>
</engineerTo>
<adequatelyNormalized>NO</adequatelyNormalized>
<expectedVolumes>0</expectedVolumes>
<fwdEngineeringStrategyName>Single Table</fwdEngineeringStrategyName>
<growthPercent>0</growthPercent>
<growthType>Year</growthType>
<maxVolumes>9999999</maxVolumes>
<minVolumes>0</minVolumes>
<normalForm>Third</normalForm>
<attributes itemClass="oracle.dbtools.crest.model.design.logical.Attribute">
<Attribute name="ID_Pasajero" id="0D82A75B-DEBD-8AFD-AB9B-DD065CA6673E">
<createdBy>Marcelo Bernabé</createdBy>
<createdTime>2025-08-18 01:21:22 UTC</createdTime>
<ownerDesignName>Entrega1</ownerDesignName>
<engineerTo>
<item key="1CBF18E2-CA85-C765-A237-63632E4F0FF2" value="true"/>
</engineerTo>
<useDomainConstraints>false</useDomainConstraints>
<use>1</use>
<logicalDatatype>LOGDT011</logicalDatatype>
<ownDataTypeParameters>,,</ownDataTypeParameters>
</Attribute>
<Attribute name="Numero_Documento" id="70A8426C-5C6F-ED06-B815-CDC5CDA7B0DF">
<createdBy>Marcelo Bernabé</createdBy>
<createdTime>2025-08-18 01:21:43 UTC</createdTime>
<ownerDesignName>Entrega1</ownerDesignName>
<engineerTo>
<item key="1CBF18E2-CA85-C765-A237-63632E4F0FF2" value="true"/>
</engineerTo>
<nullsAllowed>true</nullsAllowed>
<useDomainConstraints>false</useDomainConstraints>
<use>1</use>
<logicalDatatype>LOGDT024</logicalDatatype>
<dataTypeSize>20</dataTypeSize>
<ownDataTypeParameters>20,,</ownDataTypeParameters>
</Attribute>
<Attribute name="Nombre_Completo" id="8D15F849-7857-13FD-9CAB-1B18874841B6">
<createdBy>Marcelo Bernabé</createdBy>
<createdTime>2025-08-18 01:22:07 UTC</createdTime>
<ownerDesignName>Entrega1</ownerDesignName>
<engineerTo>
<item key="1CBF18E2-CA85-C765-A237-63632E4F0FF2" value="true"/>
</engineerTo>
<nullsAllowed>true</nullsAllowed>
<useDomainConstraints>false</useDomainConstraints>
<use>1</use>
<logicalDatatype>LOGDT024</logicalDatatype>
<dataTypeSize>100</dataTypeSize>
<ownDataTypeParameters>100,,</ownDataTypeParameters>
</Attribute>
<Attribute name="Fecha_Nacimiento" id="2805C3F8-AD50-9246-8A37-82D486B81C07">
<createdBy>Marcelo Bernabé</createdBy>
<createdTime>2025-08-18 01:22:12 UTC</createdTime>
<ownerDesignName>Entrega1</ownerDesignName>
<engineerTo>
<item key="1CBF18E2-CA85-C765-A237-63632E4F0FF2" value="true"/>
</engineerTo>
<nullsAllowed>true</nullsAllowed>
<useDomainConstraints>false</useDomainConstraints>
<use>1</use>
<logicalDatatype>LOGDT007</logicalDatatype>
<ownDataTypeParameters>,,</ownDataTypeParameters>
</Attribute>
<Attribute name="Nacionalidad" id="C3A28B77-5F18-6774-0C71-EB09E6A4E36A">
<createdBy>Marcelo Bernabé</createdBy>
<createdTime>2025-08-18 01:22:20 UTC</createdTime>
<ownerDesignName>Entrega1</ownerDesignName>
<engineerTo>
<item key="1CBF18E2-CA85-C765-A237-63632E4F0FF2" value="true"/>
</engineerTo>
<nullsAllowed>true</nullsAllowed>
<useDomainConstraints>false</useDomainConstraints>
<use>1</use>
<logicalDatatype>LOGDT024</logicalDatatype>
<dataTypeSize>50</dataTypeSize>
<ownDataTypeParameters>50,,</ownDataTypeParameters>
</Attribute>
<Attribute name="Telefono_Contacto" id="A2AE5684-8846-6229-69D5-69A0D4759B66">
<createdBy>Marcelo Bernabé</createdBy>
<createdTime>2025-08-18 01:22:25 UTC</createdTime>
<ownerDesignName>Entrega1</ownerDesignName>
<engineerTo>
<item key="1CBF18E2-CA85-C765-A237-63632E4F0FF2" value="true"/>
</engineerTo>
<nullsAllowed>true</nullsAllowed>
<useDomainConstraints>false</useDomainConstraints>
<use>1</use>
<logicalDatatype>LOGDT024</logicalDatatype>
<dataTypeSize>20</dataTypeSize>
<ownDataTypeParameters>20,,</ownDataTypeParameters>
</Attribute>
<Attribute name="Email" id="4E5FA226-19E8-8342-6897-4EBBBB6FF02B">
<createdBy>Marcelo Bernabé</createdBy>
<createdTime>2025-08-18 01:22:31 UTC</createdTime>
<ownerDesignName>Entrega1</ownerDesignName>
<engineerTo>
<item key="1CBF18E2-CA85-C765-A237-63632E4F0FF2" value="true"/>
</engineerTo>
<nullsAllowed>true</nullsAllowed>
<useDomainConstraints>false</useDomainConstraints>
<use>1</use>
<logicalDatatype>LOGDT024</logicalDatatype>
<dataTypeSize>100</dataTypeSize>
<ownDataTypeParameters>100,,</ownDataTypeParameters>
</Attribute>
</attributes>
<identifiers itemClass="oracle.dbtools.crest.model.design.logical.CandidateKey">
<identifier id="03009011-2C0D-45F7-79E0-BFD111710E1F" name="Pasajero PK">
<createdBy>Marcelo Bernabé</createdBy>
<createdTime>2025-08-18 01:21:36 UTC</createdTime>
<ownerDesignName>Entrega1</ownerDesignName>
<engineerTo>
<item key="1CBF18E2-CA85-C765-A237-63632E4F0FF2" value="true"/>
</engineerTo>
<pk>true</pk>
<usedAttributes>
<attributeRef>0D82A75B-DEBD-8AFD-AB9B-DD065CA6673E</attributeRef>
</usedAttributes>
</identifier>
</identifiers>
</Entity>