<?xml version = '1.0' encoding = 'UTF-8'?>
<Entity class="oracle.dbtools.crest.model.design.logical.Entity" directorySegmentName="seg_0" id="AB366D17-D056-5951-FCB1-0A89B9541345" name="Reserva">
<createdBy>Marcelo Bernabé</createdBy>
<createdTime>2025-08-18 01:26:25 UTC</createdTime>
<ownerDesignName>Entrega1</ownerDesignName>
<engineerTo>
<item key="1CBF18E2-CA85-C765-A237-63632E4F0FF2" value="true"/>
</engineerTo>
<adequatelyNormalized>NO</adequatelyNormalized>
<expectedVolumes>0</expectedVolumes>
<fwdEngineeringStrategyName>Single Table</fwdEngineeringStrategyName>
<growthPercent>0</growthPercent>
<growthType>Year</growthType>
<maxVolumes>9999999</maxVolumes>
<minVolumes>0</minVolumes>
<normalForm>Third</normalForm>
<attributes itemClass="oracle.dbtools.crest.model.design.logical.Attribute">
<Attribute name="ID_Reserva" id="B74490DC-2693-A1FA-019E-A7798003B1E7">
<createdBy>Marcelo Bernabé</createdBy>
<createdTime>2025-08-18 01:26:32 UTC</createdTime>
<ownerDesignName>Entrega1</ownerDesignName>
<engineerTo>
<item key="1CBF18E2-CA85-C765-A237-63632E4F0FF2" value="true"/>
</engineerTo>
<useDomainConstraints>false</useDomainConstraints>
<use>1</use>
<logicalDatatype>LOGDT011</logicalDatatype>
<ownDataTypeParameters>,,</ownDataTypeParameters>
</Attribute>
<Attribute name="Numero_Reserva" id="47A8AD74-E774-CFB0-2AAC-34C8DA14A327">
<createdBy>Marcelo Bernabé</createdBy>
<createdTime>2025-08-18 01:26:40 UTC</createdTime>
<ownerDesignName>Entrega1</ownerDesignName>
<engineerTo>
<item key="1CBF18E2-CA85-C765-A237-63632E4F0FF2" value="true"/>
</engineerTo>
<nullsAllowed>true</nullsAllowed>
<useDomainConstraints>false</useDomainConstraints>
<use>1</use>
<logicalDatatype>LOGDT024</logicalDatatype>
<dataTypeSize>15</dataTypeSize>
<ownDataTypeParameters>15,,</ownDataTypeParameters>
</Attribute>
<Attribute name="Fecha_Reserva" id="0105D615-CE68-E683-933B-AB0FF4B51B5B">
<createdBy>Marcelo Bernabé</createdBy>
<createdTime>2025-08-18 01:26:45 UTC</createdTime>
<ownerDesignName>Entrega1</ownerDesignName>
<engineerTo>
<item key="1CBF18E2-CA85-C765-A237-63632E4F0FF2" value="true"/>
</engineerTo>
<nullsAllowed>true</nullsAllowed>
<useDomainConstraints>false</useDomainConstraints>
<use>1</use>
<logicalDatatype>LOGDT007</logicalDatatype>
<ownDataTypeParameters>,,</ownDataTypeParameters>
</Attribute>
<Attribute name="Fecha_Viaje" id="B5CB1F6D-FC5F-2A10-6AB5-A66384DB777B">
<createdBy>Marcelo Bernabé</createdBy>
<createdTime>2025-08-18 01:26:49 UTC</createdTime>
<ownerDesignName>Entrega1</ownerDesignName>
<engineerTo>
<item key="1CBF18E2-CA85-C765-A237-63632E4F0FF2" value="true"/>
</engineerTo>
<nullsAllowed>true</nullsAllowed>
<useDomainConstraints>false</useDomainConstraints>
<use>1</use>
<logicalDatatype>LOGDT007</logicalDatatype>
<ownDataTypeParameters>,,</ownDataTypeParameters>
</Attribute>
<Attribute name="Estado" id="46F2D249-35AB-61B3-4A9D-0E9D236034F8">
<createdBy>Marcelo Bernabé</createdBy>
<createdTime>2025-08-18 01:26:55 UTC</createdTime>
<ownerDesignName>Entrega1</ownerDesignName>
<engineerTo>
<item key="1CBF18E2-CA85-C765-A237-63632E4F0FF2" value="true"/>
</engineerTo>
<nullsAllowed>true</nullsAllowed>
<useDomainConstraints>false</useDomainConstraints>
<use>1</use>
<logicalDatatype>LOGDT024</logicalDatatype>
<dataTypeSize>20</dataTypeSize>
<ownDataTypeParameters>20,,</ownDataTypeParameters>
</Attribute>
<Attribute name="ID_Vuelo" id="1F20092F-F031-F3F1-CA7E-5308C2445004">
<createdBy>Marcelo Bernabé</createdBy>
<createdTime>2025-08-18 01:50:26 UTC</createdTime>
<generatorID>D172E958-8F7F-B3B3-FAD1-9F42555FC64F</generatorID>
<ownerDesignName>Entrega1</ownerDesignName>
<engineerTo>
<item key="1CBF18E2-CA85-C765-A237-63632E4F0FF2" value="true"/>
</engineerTo>
<referedAttribute>A6A6EDED-D4B8-5108-BD05-50E750C09C24</referedAttribute>
<useDomainConstraints>false</useDomainConstraints>
<use>1</use>
<logicalDatatype>LOGDT011</logicalDatatype>
<ownDataTypeParameters>,,</ownDataTypeParameters>
</Attribute>
<Attribute name="ID_Empleado" id="002BDADD-4483-33DB-4CC6-266F529E6247">
<createdBy>Marcelo Bernabé</createdBy>
<createdTime>2025-08-18 01:51:32 UTC</createdTime>
<generatorID>417B41F0-2CE4-606B-9384-E27A16C23FC9</generatorID>
<ownerDesignName>Entrega1</ownerDesignName>
<engineerTo>
<item key="1CBF18E2-CA85-C765-A237-63632E4F0FF2" value="true"/>
</engineerTo>
<referedAttribute>3A269600-0C75-8E3C-EA3E-B6F63B941938</referedAttribute>
<useDomainConstraints>false</useDomainConstraints>
<use>1</use>
<logicalDatatype>LOGDT011</logicalDatatype>
<ownDataTypeParameters>,,</ownDataTypeParameters>
</Attribute>
<Attribute name="ID_Pasajero" id="CA05C0F8-F323-96D2-451A-81D2FF3F71A7">
<createdBy>Marcelo Bernabé</createdBy>
<createdTime>2025-08-18 01:52:29 UTC</createdTime>
<generatorID>E78ABFBA-C9DF-1093-199F-11F4341FFA94</generatorID>
<ownerDesignName>Entrega1</ownerDesignName>
<engineerTo>
<item key="1CBF18E2-CA85-C765-A237-63632E4F0FF2" value="true"/>
</engineerTo>
<referedAttribute>0D82A75B-DEBD-8AFD-AB9B-DD065CA6673E</referedAttribute>
<useDomainConstraints>false</useDomainConstraints>
<use>1</use>
<logicalDatatype>LOGDT011</logicalDatatype>
<ownDataTypeParameters>,,</ownDataTypeParameters>
</Attribute>
</attributes>
<identifiers itemClass="oracle.dbtools.crest.model.design.logical.CandidateKey">
<identifier id="7BCAE9FB-29EF-B1E3-4C6E-D2157DF2CD09" name="Reserva PK">
<createdBy>Marcelo Bernabé</createdBy>
<createdTime>2025-08-18 01:26:38 UTC</createdTime>
<ownerDesignName>Entrega1</ownerDesignName>
<engineerTo>
<item key="1CBF18E2-CA85-C765-A237-63632E4F0FF2" value="true"/>
</engineerTo>
<pk>true</pk>
<usedAttributes>
<attributeRef>B74490DC-2693-A1FA-019E-A7798003B1E7</attributeRef>
<attributeRef>1F20092F-F031-F3F1-CA7E-5308C2445004</attributeRef>
<attributeRef>002BDADD-4483-33DB-4CC6-266F529E6247</attributeRef>
<attributeRef>CA05C0F8-F323-96D2-451A-81D2FF3F71A7</attributeRef>
</usedAttributes>
</identifier>
</identifiers>
</Entity>