<?xml version = '1.0' encoding = 'UTF-8'?>
<Entity class="oracle.dbtools.crest.model.design.logical.Entity" directorySegmentName="seg_0" id="B8BEA72C-1A33-2029-3E00-2218C99EAE3D" name="Empleado">
<createdBy>Marcelo Bernabé</createdBy>
<createdTime>2025-08-18 01:24:13 UTC</createdTime>
<ownerDesignName>Entrega1</ownerDesignName>
<engineerTo>
<item key="1CBF18E2-CA85-C765-A237-63632E4F0FF2" value="true"/>
</engineerTo>
<adequatelyNormalized>NO</adequatelyNormalized>
<expectedVolumes>0</expectedVolumes>
<fwdEngineeringStrategyName>Single Table</fwdEngineeringStrategyName>
<growthPercent>0</growthPercent>
<growthType>Year</growthType>
<maxVolumes>9999999</maxVolumes>
<minVolumes>0</minVolumes>
<normalForm>Third</normalForm>
<attributes itemClass="oracle.dbtools.crest.model.design.logical.Attribute">
<Attribute name="ID_Empleado" id="3A269600-0C75-8E3C-EA3E-B6F63B941938">
<createdBy>Marcelo Bernabé</createdBy>
<createdTime>2025-08-18 01:24:29 UTC</createdTime>
<ownerDesignName>Entrega1</ownerDesignName>
<engineerTo>
<item key="1CBF18E2-CA85-C765-A237-63632E4F0FF2" value="true"/>
</engineerTo>
<useDomainConstraints>false</useDomainConstraints>
<use>1</use>
<logicalDatatype>LOGDT011</logicalDatatype>
<ownDataTypeParameters>,,</ownDataTypeParameters>
</Attribute>
<Attribute name="RUT" id="6173A3F2-B03F-73D2-9C64-39664A3C8E78">
<createdBy>Marcelo Bernabé</createdBy>
<createdTime>2025-08-18 01:24:38 UTC</createdTime>
<ownerDesignName>Entrega1</ownerDesignName>
<engineerTo>
<item key="1CBF18E2-CA85-C765-A237-63632E4F0FF2" value="true"/>
</engineerTo>
<nullsAllowed>true</nullsAllowed>
<useDomainConstraints>false</useDomainConstraints>
<use>1</use>
<logicalDatatype>LOGDT024</logicalDatatype>
<dataTypeSize>12</dataTypeSize>
<ownDataTypeParameters>12,,</ownDataTypeParameters>
</Attribute>
<Attribute name="Nombre_Completo" id="55ABA6C0-4A09-2DE6-CBE0-66FBF74FF462">
<createdBy>Marcelo Bernabé</createdBy>
<createdTime>2025-08-18 01:24:44 UTC</createdTime>
<ownerDesignName>Entrega1</ownerDesignName>
<engineerTo>
<item key="1CBF18E2-CA85-C765-A237-63632E4F0FF2" value="true"/>
</engineerTo>
<nullsAllowed>true</nullsAllowed>
<useDomainConstraints>false</useDomainConstraints>
<use>1</use>
<logicalDatatype>LOGDT024</logicalDatatype>
<dataTypeSize>100</dataTypeSize>
<ownDataTypeParameters>100,,</ownDataTypeParameters>
</Attribute>
<Attribute name="Direccion" id="A044DDAE-3874-043B-2833-85EFF45DBB1C">
<createdBy>Marcelo Bernabé</createdBy>
<createdTime>2025-08-18 01:24:49 UTC</createdTime>
<ownerDesignName>Entrega1</ownerDesignName>
<engineerTo>
<item key="1CBF18E2-CA85-C765-A237-63632E4F0FF2" value="true"/>
</engineerTo>
<nullsAllowed>true</nullsAllowed>
<useDomainConstraints>false</useDomainConstraints>
<use>1</use>
<logicalDatatype>LOGDT024</logicalDatatype>
<dataTypeSize>150</dataTypeSize>
<ownDataTypeParameters>150,,</ownDataTypeParameters>
</Attribute>
<Attribute name="Sueldo_Base" id="4105D15D-D5A8-F870-4B8E-83A1FCE2411F">
<createdBy>Marcelo Bernabé</createdBy>
<createdTime>2025-08-18 01:24:54 UTC</createdTime>
<ownerDesignName>Entrega1</ownerDesignName>
<engineerTo>
<item key="1CBF18E2-CA85-C765-A237-63632E4F0FF2" value="true"/>
</engineerTo>
<nullsAllowed>true</nullsAllowed>
<useDomainConstraints>false</useDomainConstraints>
<use>1</use>
<logicalDatatype>LOGDT026</logicalDatatype>
<dataTypePrecision>10</dataTypePrecision>
<dataTypeScale>2</dataTypeScale>
<ownDataTypeParameters>,10,2</ownDataTypeParameters>
</Attribute>
<Attribute name="Fecha_Ingreso" id="B5F2373A-76D5-F300-7AFE-A35EA2B73A88">
<createdBy>Marcelo Bernabé</createdBy>
<createdTime>2025-08-18 01:25:03 UTC</createdTime>
<ownerDesignName>Entrega1</ownerDesignName>
<engineerTo>
<item key="1CBF18E2-CA85-C765-A237-63632E4F0FF2" value="true"/>
</engineerTo>
<nullsAllowed>true</nullsAllowed>
<useDomainConstraints>false</useDomainConstraints>
<use>1</use>
<logicalDatatype>LOGDT007</logicalDatatype>
<ownDataTypeParameters>,,</ownDataTypeParameters>
</Attribute>
<Attribute name="Genero" id="AA6D5B28-CDD5-AD8A-29FF-5ABA7B71F160">
<createdBy>Marcelo Bernabé</createdBy>
<createdTime>2025-08-18 01:25:07 UTC</createdTime>
<ownerDesignName>Entrega1</ownerDesignName>
<engineerTo>
<item key="1CBF18E2-CA85-C765-A237-63632E4F0FF2" value="true"/>
</engineerTo>
<nullsAllowed>true</nullsAllowed>
<useDomainConstraints>false</useDomainConstraints>
<use>1</use>
<logicalDatatype>LOGDT024</logicalDatatype>
<dataTypeSize>20</dataTypeSize>
<ownDataTypeParameters>20,,</ownDataTypeParameters>
</Attribute>
<Attribute name="Telefono_Movil" id="837570EC-5CF7-4D97-BA8F-A650D28C3CD6">
<createdBy>Marcelo Bernabé</createdBy>
<createdTime>2025-08-18 01:25:16 UTC</createdTime>
<ownerDesignName>Entrega1</ownerDesignName>
<engineerTo>
<item key="1CBF18E2-CA85-C765-A237-63632E4F0FF2" value="true"/>
</engineerTo>
<nullsAllowed>true</nullsAllowed>
<useDomainConstraints>false</useDomainConstraints>
<use>1</use>
<logicalDatatype>LOGDT024</logicalDatatype>
<dataTypeSize>20</dataTypeSize>
<ownDataTypeParameters>20,,</ownDataTypeParameters>
</Attribute>
<Attribute name="Telefono_Alternativo" id="95342D28-4424-DE5F-274C-749692B5C9F7">
<createdBy>Marcelo Bernabé</createdBy>
<createdTime>2025-08-18 01:25:22 UTC</createdTime>
<ownerDesignName>Entrega1</ownerDesignName>
<engineerTo>
<item key="1CBF18E2-CA85-C765-A237-63632E4F0FF2" value="true"/>
</engineerTo>
<nullsAllowed>true</nullsAllowed>
<useDomainConstraints>false</useDomainConstraints>
<use>1</use>
<logicalDatatype>LOGDT024</logicalDatatype>
<dataTypeSize>20</dataTypeSize>
<ownDataTypeParameters>20,,</ownDataTypeParameters>
</Attribute>
</attributes>
<identifiers itemClass="oracle.dbtools.crest.model.design.logical.CandidateKey">
<identifier id="73DC8590-246C-A3BB-1535-C488C355AE58" name="Empleado PK">
<createdBy>Marcelo Bernabé</createdBy>
<createdTime>2025-08-18 01:24:36 UTC</createdTime>
<ownerDesignName>Entrega1</ownerDesignName>
<engineerTo>
<item key="1CBF18E2-CA85-C765-A237-63632E4F0FF2" value="true"/>
</engineerTo>
<pk>true</pk>
<usedAttributes>
<attributeRef>3A269600-0C75-8E3C-EA3E-B6F63B941938</attributeRef>
</usedAttributes>
</identifier>
</identifiers>
</Entity>