<?xml version = '1.0' encoding = 'UTF-8'?>
<Entity class="oracle.dbtools.crest.model.design.logical.Entity" directorySegmentName="seg_0" id="181C938B-67BC-C2C2-A177-174040B67312" name="PERSONAL">
<createdBy>Marcelo Bernabé</createdBy>
<createdTime>2025-08-31 22:04:13 UTC</createdTime>
<ownerDesignName>Entrega semana 3 BDD</ownerDesignName>
<engineerTo>
<item key="029CDA0C-CD8B-9839-AB16-E460DA2C8600" value="true"/>
</engineerTo>
<adequatelyNormalized>NO</adequatelyNormalized>
<expectedVolumes>0</expectedVolumes>
<fwdEngineeringStrategyName>Single Table</fwdEngineeringStrategyName>
<growthPercent>0</growthPercent>
<growthType>Year</growthType>
<hierarchicalParent>B059B30E-76CB-CA0D-1445-F938A41D3D3A</hierarchicalParent>
<maxVolumes>9999999</maxVolumes>
<minVolumes>0</minVolumes>
<normalForm>Third</normalForm>
<attributes itemClass="oracle.dbtools.crest.model.design.logical.Attribute">
<Attribute name="fecha_ingreso" id="1F35D9C4-ACD6-40B8-F5CB-2C6EE35A8F08">
<createdBy>Marcelo Bernabé</createdBy>
<createdTime>2025-08-31 22:04:28 UTC</createdTime>
<ownerDesignName>Entrega semana 3 BDD</ownerDesignName>
<engineerTo>
<item key="029CDA0C-CD8B-9839-AB16-E460DA2C8600" value="true"/>
</engineerTo>
<useDomainConstraints>false</useDomainConstraints>
<use>1</use>
<logicalDatatype>LOGDT007</logicalDatatype>
<ownDataTypeParameters>,,</ownDataTypeParameters>
</Attribute>
</attributes>
</Entity>