<?xml version = '1.0' encoding = 'UTF-8'?>
<Entity class="oracle.dbtools.crest.model.design.logical.Entity" directorySegmentName="seg_0" id="51AB4E8A-AEF3-E16D-A9AF-38F251ECF362" name="CONTRATO">
<createdBy>Marcelo Bernabé</createdBy>
<createdTime>2025-08-31 22:07:33 UTC</createdTime>
<ownerDesignName>Entrega semana 3 BDD</ownerDesignName>
<engineerTo>
<item key="029CDA0C-CD8B-9839-AB16-E460DA2C8600" value="true"/>
</engineerTo>
<adequatelyNormalized>NO</adequatelyNormalized>
<expectedVolumes>0</expectedVolumes>
<fwdEngineeringStrategyName>Single Table</fwdEngineeringStrategyName>
<growthPercent>0</growthPercent>
<growthType>Year</growthType>
<maxVolumes>9999999</maxVolumes>
<minVolumes>0</minVolumes>
<normalForm>Third</normalForm>
<attributes itemClass="oracle.dbtools.crest.model.design.logical.Attribute">
<Attribute name="contrato_id" id="16F1CA59-41C9-8600-9177-AB19751D0F41">
<createdBy>Marcelo Bernabé</createdBy>
<createdTime>2025-08-31 22:07:42 UTC</createdTime>
<ownerDesignName>Entrega semana 3 BDD</ownerDesignName>
<engineerTo>
<item key="029CDA0C-CD8B-9839-AB16-E460DA2C8600" value="true"/>
</engineerTo>
<useDomainConstraints>false</useDomainConstraints>
<use>1</use>
<logicalDatatype>LOGDT024</logicalDatatype>
<dataTypeSize>12</dataTypeSize>
<ownDataTypeParameters>12,,</ownDataTypeParameters>
</Attribute>
<Attribute name="fecha_inicio" id="74904295-66E8-2155-3CF7-AD9D5A5A4B4C">
<createdBy>Marcelo Bernabé</createdBy>
<createdTime>2025-08-31 22:07:57 UTC</createdTime>
<ownerDesignName>Entrega semana 3 BDD</ownerDesignName>
<engineerTo>
<item key="029CDA0C-CD8B-9839-AB16-E460DA2C8600" value="true"/>
</engineerTo>
<useDomainConstraints>false</useDomainConstraints>
<use>1</use>
<logicalDatatype>LOGDT007</logicalDatatype>
<ownDataTypeParameters>,,</ownDataTypeParameters>
</Attribute>
<Attribute name="fecha_termino" id="D836BA18-BDC2-97C8-E4BE-EB8EF77B12F6">
<createdBy>Marcelo Bernabé</createdBy>
<createdTime>2025-08-31 22:08:08 UTC</createdTime>
<ownerDesignName>Entrega semana 3 BDD</ownerDesignName>
<engineerTo>
<item key="029CDA0C-CD8B-9839-AB16-E460DA2C8600" value="true"/>
</engineerTo>
<useDomainConstraints>false</useDomainConstraints>
<use>1</use>
<logicalDatatype>LOGDT007</logicalDatatype>
<ownDataTypeParameters>,,</ownDataTypeParameters>
</Attribute>
<Attribute name="tipo_financiamiento" id="74081A12-5899-D68F-1D71-830263CAF331">
<createdBy>Marcelo Bernabé</createdBy>
<createdTime>2025-08-31 22:08:19 UTC</createdTime>
<ownerDesignName>Entrega semana 3 BDD</ownerDesignName>
<engineerTo>
<item key="029CDA0C-CD8B-9839-AB16-E460DA2C8600" value="true"/>
</engineerTo>
<useDomainConstraints>false</useDomainConstraints>
<use>1</use>
<logicalDatatype>LOGDT024</logicalDatatype>
<dataTypeSize>50</dataTypeSize>
<ownDataTypeParameters>50,,</ownDataTypeParameters>
</Attribute>
<Attribute name="rut" id="8DA185BF-7C18-AC3B-1124-035074470D67">
<createdBy>Marcelo Bernabé</createdBy>
<createdTime>2025-08-31 22:23:59 UTC</createdTime>
<generatorID>3D020B0B-2CE2-4FD0-F055-82CFADD9BF01</generatorID>
<ownerDesignName>Entrega semana 3 BDD</ownerDesignName>
<engineerTo>
<item key="029CDA0C-CD8B-9839-AB16-E460DA2C8600" value="true"/>
</engineerTo>
<referedAttribute>3E311197-D095-2899-EE7B-4CC685227592</referedAttribute>
<useDomainConstraints>false</useDomainConstraints>
<use>1</use>
<logicalDatatype>LOGDT024</logicalDatatype>
<dataTypeSize>12</dataTypeSize>
<ownDataTypeParameters>,,</ownDataTypeParameters>
</Attribute>
</attributes>
<identifiers itemClass="oracle.dbtools.crest.model.design.logical.CandidateKey">
<identifier id="F748B042-A19D-FE2D-9569-5E6E944CF88B" name="CONTRATO PK">
<createdBy>Marcelo Bernabé</createdBy>
<createdTime>2025-08-31 22:07:55 UTC</createdTime>
<ownerDesignName>Entrega semana 3 BDD</ownerDesignName>
<shouldEngineer>false</shouldEngineer>
<engineerTo>
<item key="029CDA0C-CD8B-9839-AB16-E460DA2C8600" value="false"/>
</engineerTo>
<pk>true</pk>
<usedAttributes>
<attributeRef>16F1CA59-41C9-8600-9177-AB19751D0F41</attributeRef>
</usedAttributes>
</identifier>
</identifiers>
</Entity>