<?xml version = '1.0' encoding = 'UTF-8'?>
<Entity class="oracle.dbtools.crest.model.design.logical.Entity" directorySegmentName="seg_0" id="9A5D1BF3-0204-5CBA-85B9-3FCA224FAE18" name="RESIDENCIA">
<createdBy>Marcelo Bernabé</createdBy>
<createdTime>2025-08-31 21:28:16 UTC</createdTime>
<ownerDesignName>Entrega semana 3 BDD</ownerDesignName>
<engineerTo>
<item key="029CDA0C-CD8B-9839-AB16-E460DA2C8600" value="true"/>
</engineerTo>
<adequatelyNormalized>NO</adequatelyNormalized>
<expectedVolumes>0</expectedVolumes>
<fwdEngineeringStrategyName>Single Table</fwdEngineeringStrategyName>
<growthPercent>0</growthPercent>
<growthType>Year</growthType>
<maxVolumes>9999999</maxVolumes>
<minVolumes>0</minVolumes>
<normalForm>Third</normalForm>
<attributes itemClass="oracle.dbtools.crest.model.design.logical.Attribute">
<Attribute name="id_residencia" id="9D9DDF59-CFF0-2A8D-C9D3-00B3E6E5A9D8">
<createdBy>Marcelo Bernabé</createdBy>
<createdTime>2025-08-31 21:29:12 UTC</createdTime>
<ownerDesignName>Entrega semana 3 BDD</ownerDesignName>
<engineerTo>
<item key="029CDA0C-CD8B-9839-AB16-E460DA2C8600" value="true"/>
</engineerTo>
<useDomainConstraints>false</useDomainConstraints>
<use>1</use>
<logicalDatatype>LOGDT024</logicalDatatype>
<dataTypeSize>12</dataTypeSize>
<ownDataTypeParameters>12,,</ownDataTypeParameters>
</Attribute>
<Attribute name="nombre" id="6175B915-D067-F619-019A-94DA405EEBAA">
<createdBy>Marcelo Bernabé</createdBy>
<createdTime>2025-08-31 21:30:44 UTC</createdTime>
<ownerDesignName>Entrega semana 3 BDD</ownerDesignName>
<engineerTo>
<item key="029CDA0C-CD8B-9839-AB16-E460DA2C8600" value="true"/>
</engineerTo>
<useDomainConstraints>false</useDomainConstraints>
<use>1</use>
<logicalDatatype>LOGDT024</logicalDatatype>
<dataTypeSize>100</dataTypeSize>
<ownDataTypeParameters>100,,</ownDataTypeParameters>
</Attribute>
<Attribute name="direccion" id="FA0BA8BA-B26F-D65C-F8CA-42B79E48A335">
<createdBy>Marcelo Bernabé</createdBy>
<createdTime>2025-08-31 21:31:05 UTC</createdTime>
<ownerDesignName>Entrega semana 3 BDD</ownerDesignName>
<engineerTo>
<item key="029CDA0C-CD8B-9839-AB16-E460DA2C8600" value="true"/>
</engineerTo>
<useDomainConstraints>false</useDomainConstraints>
<use>1</use>
<logicalDatatype>LOGDT024</logicalDatatype>
<dataTypeSize>100</dataTypeSize>
<ownDataTypeParameters>100,,</ownDataTypeParameters>
</Attribute>
<Attribute name="comunca" id="79CA98BA-FD5B-CE27-1624-D2D8D4CE6111">
<createdBy>Marcelo Bernabé</createdBy>
<createdTime>2025-08-31 22:11:44 UTC</createdTime>
<ownerDesignName>Entrega semana 3 BDD</ownerDesignName>
<engineerTo>
<item key="029CDA0C-CD8B-9839-AB16-E460DA2C8600" value="true"/>
</engineerTo>
<useDomainConstraints>false</useDomainConstraints>
<use>1</use>
<logicalDatatype>LOGDT024</logicalDatatype>
<dataTypeSize>50</dataTypeSize>
<ownDataTypeParameters>50,,</ownDataTypeParameters>
</Attribute>
</attributes>
<identifiers itemClass="oracle.dbtools.crest.model.design.logical.CandidateKey">
<identifier id="5461B6FC-F36D-43EF-F649-B55302376964" name="RESIDENCIA PK">
<createdBy>Marcelo Bernabé</createdBy>
<createdTime>2025-08-31 21:29:40 UTC</createdTime>
<ownerDesignName>Entrega semana 3 BDD</ownerDesignName>
<shouldEngineer>false</shouldEngineer>
<engineerTo>
<item key="029CDA0C-CD8B-9839-AB16-E460DA2C8600" value="false"/>
</engineerTo>
<pk>true</pk>
<usedAttributes>
<attributeRef>9D9DDF59-CFF0-2A8D-C9D3-00B3E6E5A9D8</attributeRef>
</usedAttributes>
</identifier>
</identifiers>
</Entity>