<?xml version = '1.0' encoding = 'UTF-8'?>
<Entity class="oracle.dbtools.crest.model.design.logical.Entity" directorySegmentName="seg_0" id="A324871B-82BE-9A66-73DC-EBFD18E835B9" name="RESIDENTE">
<createdBy>Marcelo Bernabé</createdBy>
<createdTime>2025-08-31 21:39:13 UTC</createdTime>
<ownerDesignName>Entrega semana 3 BDD</ownerDesignName>
<engineerTo>
<item key="029CDA0C-CD8B-9839-AB16-E460DA2C8600" value="true"/>
</engineerTo>
<adequatelyNormalized>NO</adequatelyNormalized>
<expectedVolumes>0</expectedVolumes>
<fwdEngineeringStrategyName>Single Table</fwdEngineeringStrategyName>
<growthPercent>0</growthPercent>
<growthType>Year</growthType>
<hierarchicalParent>B059B30E-76CB-CA0D-1445-F938A41D3D3A</hierarchicalParent>
<maxVolumes>9999999</maxVolumes>
<minVolumes>0</minVolumes>
<normalForm>Third</normalForm>
<attributes itemClass="oracle.dbtools.crest.model.design.logical.Attribute">
<Attribute name="autonomia" id="2CACB812-7B0E-935C-F7D9-FF01749FA8A1">
<createdBy>Marcelo Bernabé</createdBy>
<createdTime>2025-08-31 22:01:14 UTC</createdTime>
<ownerDesignName>Entrega semana 3 BDD</ownerDesignName>
<engineerTo>
<item key="029CDA0C-CD8B-9839-AB16-E460DA2C8600" value="true"/>
</engineerTo>
<useDomainConstraints>false</useDomainConstraints>
<use>1</use>
<logicalDatatype>LOGDT025</logicalDatatype>
<dataTypeSize>1</dataTypeSize>
<ownDataTypeParameters>1,,</ownDataTypeParameters>
</Attribute>
<Attribute name="tipo_residente" id="6CD6A3A4-D3E1-30D9-CD56-4D075A7D90DF">
<createdBy>Marcelo Bernabé</createdBy>
<createdTime>2025-08-31 22:01:29 UTC</createdTime>
<notes><![CDATA[T/P]]></notes>
<ownerDesignName>Entrega semana 3 BDD</ownerDesignName>
<engineerTo>
<item key="029CDA0C-CD8B-9839-AB16-E460DA2C8600" value="true"/>
</engineerTo>
<useDomainConstraints>false</useDomainConstraints>
<use>1</use>
<logicalDatatype>LOGDT024</logicalDatatype>
<dataTypeSize>1</dataTypeSize>
<ownDataTypeParameters>1,,</ownDataTypeParameters>
</Attribute>
<Attribute name="dias_estadia" id="38E16958-1313-F0B3-7D8A-A4BAABE08A4C">
<createdBy>Marcelo Bernabé</createdBy>
<createdTime>2025-08-31 22:02:25 UTC</createdTime>
<ownerDesignName>Entrega semana 3 BDD</ownerDesignName>
<engineerTo>
<item key="029CDA0C-CD8B-9839-AB16-E460DA2C8600" value="true"/>
</engineerTo>
<nullsAllowed>true</nullsAllowed>
<useDomainConstraints>false</useDomainConstraints>
<use>1</use>
<logicalDatatype>LOGDT019</logicalDatatype>
<dataTypePrecision>2</dataTypePrecision>
<ownDataTypeParameters>,2,</ownDataTypeParameters>
</Attribute>
<Attribute name="historial_clinico" id="0C4B3318-0503-9FAC-D4F9-147BC6ADAE68">
<createdBy>Marcelo Bernabé</createdBy>
<createdTime>2025-08-31 22:02:57 UTC</createdTime>
<ownerDesignName>Entrega semana 3 BDD</ownerDesignName>
<engineerTo>
<item key="029CDA0C-CD8B-9839-AB16-E460DA2C8600" value="true"/>
</engineerTo>
<nullsAllowed>true</nullsAllowed>
<useDomainConstraints>false</useDomainConstraints>
<use>1</use>
<logicalDatatype>LOGDT028</logicalDatatype>
<ownDataTypeParameters>,,</ownDataTypeParameters>
</Attribute>
<Attribute name="anexo_id" id="9E618C8C-43A4-F88A-20D7-55F59E95AD9B">
<createdBy>Marcelo Bernabé</createdBy>
<createdTime>2025-08-31 22:23:27 UTC</createdTime>
<generatorID>1CE82130-BE79-1134-3956-5529CAE8F424</generatorID>
<ownerDesignName>Entrega semana 3 BDD</ownerDesignName>
<engineerTo>
<item key="029CDA0C-CD8B-9839-AB16-E460DA2C8600" value="true"/>
</engineerTo>
<referedAttribute>788FCDEC-E8F5-C65D-BC44-D3E8ABD9CC83</referedAttribute>
<useDomainConstraints>false</useDomainConstraints>
<use>1</use>
<logicalDatatype>LOGDT024</logicalDatatype>
<dataTypeSize>12</dataTypeSize>
<ownDataTypeParameters>,,</ownDataTypeParameters>
</Attribute>
<Attribute name="id_habitacion" id="B3FBB5BF-B6C8-A06B-E5C8-4793938288F7">
<createdBy>Marcelo Bernabé</createdBy>
<createdTime>2025-08-31 22:26:12 UTC</createdTime>
<generatorID>EECFB0C9-79E2-D9E9-2C4C-EB403AA62E38</generatorID>
<ownerDesignName>Entrega semana 3 BDD</ownerDesignName>
<engineerTo>
<item key="029CDA0C-CD8B-9839-AB16-E460DA2C8600" value="true"/>
</engineerTo>
<referedAttribute>3663F39C-D3B8-EC4E-18F5-0F0EDF42047C</referedAttribute>
<useDomainConstraints>false</useDomainConstraints>
<use>1</use>
<logicalDatatype>LOGDT024</logicalDatatype>
<dataTypeSize>12</dataTypeSize>
<ownDataTypeParameters>,,</ownDataTypeParameters>
</Attribute>
</attributes>
</Entity>