<?xml version = '1.0' encoding = 'UTF-8'?>
<Entity class="oracle.dbtools.crest.model.design.logical.Entity" directorySegmentName="seg_0" id="B059B30E-76CB-CA0D-1445-F938A41D3D3A" name="PERSONA">
<createdBy>Marcelo Bernabé</createdBy>
<createdTime>2025-08-31 21:36:51 UTC</createdTime>
<ownerDesignName>Entrega semana 3 BDD</ownerDesignName>
<engineerTo>
<item key="029CDA0C-CD8B-9839-AB16-E460DA2C8600" value="true"/>
</engineerTo>
<adequatelyNormalized>NO</adequatelyNormalized>
<expectedVolumes>0</expectedVolumes>
<fwdEngineeringStrategyName>Single Table</fwdEngineeringStrategyName>
<growthPercent>0</growthPercent>
<growthType>Year</growthType>
<maxVolumes>9999999</maxVolumes>
<minVolumes>0</minVolumes>
<normalForm>Third</normalForm>
<attributes itemClass="oracle.dbtools.crest.model.design.logical.Attribute">
<Attribute name="rut" id="3E311197-D095-2899-EE7B-4CC685227592">
<createdBy>Marcelo Bernabé</createdBy>
<createdTime>2025-08-31 21:36:57 UTC</createdTime>
<ownerDesignName>Entrega semana 3 BDD</ownerDesignName>
<engineerTo>
<item key="029CDA0C-CD8B-9839-AB16-E460DA2C8600" value="true"/>
</engineerTo>
<useDomainConstraints>false</useDomainConstraints>
<use>1</use>
<logicalDatatype>LOGDT024</logicalDatatype>
<dataTypeSize>12</dataTypeSize>
<ownDataTypeParameters>12,,</ownDataTypeParameters>
</Attribute>
<Attribute name="nombre" id="50E12881-2B6F-B424-1953-D2637758F0B7">
<createdBy>Marcelo Bernabé</createdBy>
<createdTime>2025-08-31 21:37:16 UTC</createdTime>
<ownerDesignName>Entrega semana 3 BDD</ownerDesignName>
<engineerTo>
<item key="029CDA0C-CD8B-9839-AB16-E460DA2C8600" value="true"/>
</engineerTo>
<useDomainConstraints>false</useDomainConstraints>
<use>1</use>
<logicalDatatype>LOGDT024</logicalDatatype>
<dataTypeSize>100</dataTypeSize>
<ownDataTypeParameters>100,,</ownDataTypeParameters>
</Attribute>
<Attribute name="fecha_nacimiento" id="8B049001-7A3F-2138-44D4-8D3E3E50141B">
<createdBy>Marcelo Bernabé</createdBy>
<createdTime>2025-08-31 21:37:21 UTC</createdTime>
<ownerDesignName>Entrega semana 3 BDD</ownerDesignName>
<engineerTo>
<item key="029CDA0C-CD8B-9839-AB16-E460DA2C8600" value="true"/>
</engineerTo>
<useDomainConstraints>false</useDomainConstraints>
<use>1</use>
<logicalDatatype>LOGDT007</logicalDatatype>
<ownDataTypeParameters>,,</ownDataTypeParameters>
</Attribute>
<Attribute name="contacto" id="22B0A87A-BADB-200E-C519-88EAC3DB1AB3">
<createdBy>Marcelo Bernabé</createdBy>
<createdTime>2025-08-31 21:37:56 UTC</createdTime>
<ownerDesignName>Entrega semana 3 BDD</ownerDesignName>
<engineerTo>
<item key="029CDA0C-CD8B-9839-AB16-E460DA2C8600" value="true"/>
</engineerTo>
<useDomainConstraints>false</useDomainConstraints>
<use>1</use>
<logicalDatatype>LOGDT024</logicalDatatype>
<dataTypeSize>50</dataTypeSize>
<ownDataTypeParameters>50,,</ownDataTypeParameters>
</Attribute>
<Attribute name="id_residencia" id="5C084AC9-0BC1-5793-302A-A8457C2DA7D3">
<createdBy>Marcelo Bernabé</createdBy>
<createdTime>2025-08-31 22:26:26 UTC</createdTime>
<generatorID>49A596FA-53BD-D9F4-E2C1-49A584855614</generatorID>
<ownerDesignName>Entrega semana 3 BDD</ownerDesignName>
<engineerTo>
<item key="029CDA0C-CD8B-9839-AB16-E460DA2C8600" value="true"/>
</engineerTo>
<referedAttribute>9D9DDF59-CFF0-2A8D-C9D3-00B3E6E5A9D8</referedAttribute>
<useDomainConstraints>false</useDomainConstraints>
<use>1</use>
<logicalDatatype>LOGDT024</logicalDatatype>
<dataTypeSize>12</dataTypeSize>
<ownDataTypeParameters>,,</ownDataTypeParameters>
</Attribute>
</attributes>
<identifiers itemClass="oracle.dbtools.crest.model.design.logical.CandidateKey">
<identifier id="3B56CAB4-AC02-76A7-AC5A-F8F8936CE4EF" name="PERSONA PK">
<createdBy>Marcelo Bernabé</createdBy>
<createdTime>2025-08-31 21:37:14 UTC</createdTime>
<ownerDesignName>Entrega semana 3 BDD</ownerDesignName>
<shouldEngineer>false</shouldEngineer>
<engineerTo>
<item key="029CDA0C-CD8B-9839-AB16-E460DA2C8600" value="false"/>
</engineerTo>
<pk>true</pk>
<usedAttributes>
<attributeRef>3E311197-D095-2899-EE7B-4CC685227592</attributeRef>
</usedAttributes>
</identifier>
</identifiers>
</Entity>