<?xml version = '1.0' encoding = 'UTF-8'?>
<Entity class="oracle.dbtools.crest.model.design.logical.Entity" directorySegmentName="seg_0" id="E21D38DB-4767-FE55-12C5-5E1FA927310A" name="HABITACION">
<createdBy>Marcelo Bernabé</createdBy>
<createdTime>2025-08-31 21:33:32 UTC</createdTime>
<ownerDesignName>Entrega semana 3 BDD</ownerDesignName>
<engineerTo>
<item key="029CDA0C-CD8B-9839-AB16-E460DA2C8600" value="true"/>
</engineerTo>
<adequatelyNormalized>NO</adequatelyNormalized>
<expectedVolumes>0</expectedVolumes>
<fwdEngineeringStrategyName>Single Table</fwdEngineeringStrategyName>
<growthPercent>0</growthPercent>
<growthType>Year</growthType>
<maxVolumes>9999999</maxVolumes>
<minVolumes>0</minVolumes>
<normalForm>Third</normalForm>
<attributes itemClass="oracle.dbtools.crest.model.design.logical.Attribute">
<Attribute name="id_habitacion" id="3663F39C-D3B8-EC4E-18F5-0F0EDF42047C">
<createdBy>Marcelo Bernabé</createdBy>
<createdTime>2025-08-31 21:33:53 UTC</createdTime>
<ownerDesignName>Entrega semana 3 BDD</ownerDesignName>
<engineerTo>
<item key="029CDA0C-CD8B-9839-AB16-E460DA2C8600" value="true"/>
</engineerTo>
<useDomainConstraints>false</useDomainConstraints>
<use>1</use>
<logicalDatatype>LOGDT024</logicalDatatype>
<dataTypeSize>12</dataTypeSize>
<ownDataTypeParameters>12,,</ownDataTypeParameters>
</Attribute>
<Attribute name="numero" id="15980286-6072-4889-6DCE-4533751AB4DE">
<createdBy>Marcelo Bernabé</createdBy>
<createdTime>2025-08-31 21:34:10 UTC</createdTime>
<ownerDesignName>Entrega semana 3 BDD</ownerDesignName>
<engineerTo>
<item key="029CDA0C-CD8B-9839-AB16-E460DA2C8600" value="true"/>
</engineerTo>
<useDomainConstraints>false</useDomainConstraints>
<use>1</use>
<logicalDatatype>LOGDT019</logicalDatatype>
<dataTypePrecision>3</dataTypePrecision>
<ownDataTypeParameters>,3,</ownDataTypeParameters>
</Attribute>
<Attribute name="tipo" id="196F5692-7919-0AF5-71AD-E504CC1539B1">
<createdBy>Marcelo Bernabé</createdBy>
<createdTime>2025-08-31 21:34:57 UTC</createdTime>
<ownerDesignName>Entrega semana 3 BDD</ownerDesignName>
<engineerTo>
<item key="029CDA0C-CD8B-9839-AB16-E460DA2C8600" value="true"/>
</engineerTo>
<useDomainConstraints>false</useDomainConstraints>
<use>1</use>
<logicalDatatype>LOGDT024</logicalDatatype>
<dataTypeSize>20</dataTypeSize>
<ownDataTypeParameters>20,,</ownDataTypeParameters>
</Attribute>
<Attribute name="estado" id="19F35178-F6BE-A8FF-FB71-5954C02F6495">
<createdBy>Marcelo Bernabé</createdBy>
<createdTime>2025-08-31 21:35:21 UTC</createdTime>
<ownerDesignName>Entrega semana 3 BDD</ownerDesignName>
<engineerTo>
<item key="029CDA0C-CD8B-9839-AB16-E460DA2C8600" value="true"/>
</engineerTo>
<useDomainConstraints>false</useDomainConstraints>
<use>1</use>
<logicalDatatype>LOGDT024</logicalDatatype>
<dataTypeSize>20</dataTypeSize>
<ownDataTypeParameters>20,,</ownDataTypeParameters>
</Attribute>
<Attribute name="id_residencia" id="F5FE5446-66A0-0B4B-6E25-26BC104E703A">
<createdBy>Marcelo Bernabé</createdBy>
<createdTime>2025-08-31 22:25:55 UTC</createdTime>
<generatorID>C9CD9C10-3702-5C3D-00DE-AC937CDE4BE2</generatorID>
<ownerDesignName>Entrega semana 3 BDD</ownerDesignName>
<engineerTo>
<item key="029CDA0C-CD8B-9839-AB16-E460DA2C8600" value="true"/>
</engineerTo>
<referedAttribute>9D9DDF59-CFF0-2A8D-C9D3-00B3E6E5A9D8</referedAttribute>
<useDomainConstraints>false</useDomainConstraints>
<use>1</use>
<logicalDatatype>LOGDT024</logicalDatatype>
<dataTypeSize>12</dataTypeSize>
<ownDataTypeParameters>,,</ownDataTypeParameters>
</Attribute>
</attributes>
<identifiers itemClass="oracle.dbtools.crest.model.design.logical.CandidateKey">
<identifier id="21CDE1DA-8D0B-870C-A02C-EFEBF70BE6D7" name="HABITACION PK">
<createdBy>Marcelo Bernabé</createdBy>
<createdTime>2025-08-31 21:34:08 UTC</createdTime>
<ownerDesignName>Entrega semana 3 BDD</ownerDesignName>
<shouldEngineer>false</shouldEngineer>
<engineerTo>
<item key="029CDA0C-CD8B-9839-AB16-E460DA2C8600" value="false"/>
</engineerTo>
<pk>true</pk>
<usedAttributes>
<attributeRef>3663F39C-D3B8-EC4E-18F5-0F0EDF42047C</attributeRef>
</usedAttributes>
</identifier>
</identifiers>
</Entity>