<?xml version = '1.0' encoding = 'UTF-8'?>
<Entity class="oracle.dbtools.crest.model.design.logical.Entity" directorySegmentName="seg_0" id="FB3D9A14-AB59-7B11-7F4F-ECB64FBC7460" name="ANEXO">
<createdBy>Marcelo Bernabé</createdBy>
<createdTime>2025-08-31 22:08:45 UTC</createdTime>
<ownerDesignName>Entrega semana 3 BDD</ownerDesignName>
<engineerTo>
<item key="029CDA0C-CD8B-9839-AB16-E460DA2C8600" value="true"/>
</engineerTo>
<adequatelyNormalized>NO</adequatelyNormalized>
<expectedVolumes>0</expectedVolumes>
<fwdEngineeringStrategyName>Single Table</fwdEngineeringStrategyName>
<growthPercent>0</growthPercent>
<growthType>Year</growthType>
<maxVolumes>9999999</maxVolumes>
<minVolumes>0</minVolumes>
<normalForm>Third</normalForm>
<attributes itemClass="oracle.dbtools.crest.model.design.logical.Attribute">
<Attribute name="anexo_id" id="788FCDEC-E8F5-C65D-BC44-D3E8ABD9CC83">
<createdBy>Marcelo Bernabé</createdBy>
<createdTime>2025-08-31 22:08:50 UTC</createdTime>
<ownerDesignName>Entrega semana 3 BDD</ownerDesignName>
<engineerTo>
<item key="029CDA0C-CD8B-9839-AB16-E460DA2C8600" value="true"/>
</engineerTo>
<useDomainConstraints>false</useDomainConstraints>
<use>1</use>
<logicalDatatype>LOGDT024</logicalDatatype>
<dataTypeSize>12</dataTypeSize>
<ownDataTypeParameters>12,,</ownDataTypeParameters>
</Attribute>
<Attribute name="fecha_inicio_estadia" id="C0C4EDCE-A222-D087-8E50-1A615E01B685">
<createdBy>Marcelo Bernabé</createdBy>
<createdTime>2025-08-31 22:09:03 UTC</createdTime>
<ownerDesignName>Entrega semana 3 BDD</ownerDesignName>
<engineerTo>
<item key="029CDA0C-CD8B-9839-AB16-E460DA2C8600" value="true"/>
</engineerTo>
<useDomainConstraints>false</useDomainConstraints>
<use>1</use>
<logicalDatatype>LOGDT007</logicalDatatype>
<ownDataTypeParameters>,,</ownDataTypeParameters>
</Attribute>
<Attribute name="fecha_termino_estadia" id="6EEAA8FC-447F-4CAF-ED59-6EBE80354B93">
<createdBy>Marcelo Bernabé</createdBy>
<createdTime>2025-08-31 22:09:49 UTC</createdTime>
<ownerDesignName>Entrega semana 3 BDD</ownerDesignName>
<engineerTo>
<item key="029CDA0C-CD8B-9839-AB16-E460DA2C8600" value="true"/>
</engineerTo>
<useDomainConstraints>false</useDomainConstraints>
<use>1</use>
<logicalDatatype>LOGDT007</logicalDatatype>
<ownDataTypeParameters>,,</ownDataTypeParameters>
</Attribute>
<Attribute name="observaciones" id="E5B6EE66-E27C-FED5-E06C-CB2E03A12F1B">
<createdBy>Marcelo Bernabé</createdBy>
<createdTime>2025-08-31 22:10:09 UTC</createdTime>
<ownerDesignName>Entrega semana 3 BDD</ownerDesignName>
<engineerTo>
<item key="029CDA0C-CD8B-9839-AB16-E460DA2C8600" value="true"/>
</engineerTo>
<nullsAllowed>true</nullsAllowed>
<useDomainConstraints>false</useDomainConstraints>
<use>1</use>
<logicalDatatype>LOGDT024</logicalDatatype>
<dataTypeSize>500</dataTypeSize>
<ownDataTypeParameters>500,,</ownDataTypeParameters>
</Attribute>
<Attribute name="contrato_id" id="C77E2575-C23C-D1B3-88FF-0B5245EC8238">
<createdBy>Marcelo Bernabé</createdBy>
<createdTime>2025-08-31 22:21:30 UTC</createdTime>
<generatorID>383B4310-23D6-21D1-DCDF-F5FD1307298C</generatorID>
<ownerDesignName>Entrega semana 3 BDD</ownerDesignName>
<engineerTo>
<item key="029CDA0C-CD8B-9839-AB16-E460DA2C8600" value="true"/>
</engineerTo>
<referedAttribute>16F1CA59-41C9-8600-9177-AB19751D0F41</referedAttribute>
<useDomainConstraints>false</useDomainConstraints>
<use>1</use>
<logicalDatatype>LOGDT024</logicalDatatype>
<dataTypeSize>12</dataTypeSize>
<ownDataTypeParameters>,,</ownDataTypeParameters>
</Attribute>
<Attribute name="rut" id="622E389A-1F86-B7F9-0C6D-605C06BB0A97">
<createdBy>Marcelo Bernabé</createdBy>
<createdTime>2025-08-31 22:23:32 UTC</createdTime>
<generatorID>1CE82130-BE79-1134-3956-5529CAE8F424</generatorID>
<ownerDesignName>Entrega semana 3 BDD</ownerDesignName>
<engineerTo>
<item key="029CDA0C-CD8B-9839-AB16-E460DA2C8600" value="true"/>
</engineerTo>
<referedAttribute>3E311197-D095-2899-EE7B-4CC685227592</referedAttribute>
<useDomainConstraints>false</useDomainConstraints>
<use>1</use>
<logicalDatatype>LOGDT024</logicalDatatype>
<dataTypeSize>12</dataTypeSize>
<ownDataTypeParameters>,,</ownDataTypeParameters>
</Attribute>
</attributes>
<identifiers itemClass="oracle.dbtools.crest.model.design.logical.CandidateKey">
<identifier id="F0BA43C0-96A6-E92D-A605-623C1EE89039" name="ANEXO PK">
<createdBy>Marcelo Bernabé</createdBy>
<createdTime>2025-08-31 22:09:02 UTC</createdTime>
<ownerDesignName>Entrega semana 3 BDD</ownerDesignName>
<shouldEngineer>false</shouldEngineer>
<engineerTo>
<item key="029CDA0C-CD8B-9839-AB16-E460DA2C8600" value="false"/>
</engineerTo>
<pk>true</pk>
<usedAttributes>
<attributeRef>788FCDEC-E8F5-C65D-BC44-D3E8ABD9CC83</attributeRef>
</usedAttributes>
</identifier>
</identifiers>
</Entity>